ticker,company,sector,market_cap,pe_ratio,volatility,week_52_high,week_52_low,avg_volume,market
AAPL,Apple Inc.,Technology,4410025443328.0,36.307133,0.24289085197439841,317.40,195.07,46909392.0,US
MSFT,Microsoft Corporation,Technology,2907638071296.0,23.312685,0.36090049827791904,555.45,356.28,35200225.0,US
NVDA,NVIDIA Corporation,Technology,5063881785344.0,32.065937,0.4251668130881472,236.54,142.03,164287125.0,US
GOOGL,Alphabet Inc.,Communication Services,4523615584256.0,28.276888,0.27337353191716385,408.61,162.00,29625506.0,US
XOM,Exxon Mobil Corporation,Energy,584209596416.0,23.688238,0.2927474434570612,176.41,105.53,19818406.0,US
CVX,Chevron Corporation,Energy,357372297216.0,31.261326,0.25800186141535913,214.71,142.40,11186936.0,US
JNJ,Johnson & Johnson,Healthcare,566442196992.0,27.266512,0.19372033070046119,251.71,149.04,7700095.0,US
LLY,Eli Lilly and Company,Healthcare,1006535245824.0,40.139755,0.31071613161896844,1182.73,623.78,3239876.0,US
UNH,UnitedHealth Group Incorporated,Healthcare,372861403136.0,30.916794,0.2659462849635615,415.98,234.60,8228753.0,US
JPM,JPMorgan Chase & Co.,Financial Services,887172825088.0,15.84945,0.24635716893757417,337.25,267.80,8989738.0,US
BAC,Bank of America Corporation,Financial Services,403973439488.0,14.125309,0.1845372691439705,57.55,44.06,36432207.0,US
V,Visa Inc.,Financial Services,631160242176.0,28.960297,0.20739666513210708,359.66,293.89,7450203.0,US
AMZN,"Amazon.com, Inc.",Consumer Cyclical,2645011988480.0,31.64543,0.29887847587897387,278.56,196.00,44672682.0,US
WMT,Walmart Inc.,Consumer Defensive,962926739456.0,42.6056,0.3261178066673082,135.16,93.62,20537903.0,US
KO,The Coca-Cola Company,Consumer Defensive,345317244928.0,25.238995,0.2404742077040269,84.04,65.35,15205322.0,US
TSLA,"Tesla, Inc.",Consumer Cyclical,1520617521152.0,364.75674,0.4642151628351811,498.83,288.77,58765230.0,US
META,"Meta Platforms, Inc.",Communication Services,1514347167744.0,21.709244,0.39180271669259764,796.25,520.26,17140311.0,US
PFE,Pfizer Inc.,Healthcare,148556021760.0,19.896948,0.16456214006333145,28.75,23.11,36663125.0,US
COP,ConocoPhillips,Energy,134828597248.0,18.757626,0.29804532307624565,135.87,85.57,8549919.0,US
GS,"The Goldman Sachs Group, Inc.",Financial Services,322867920896.0,19.978825,0.400127986375586,1098.36,623.00,2093990.0,US
PG,The Procter & Gamble Company,Consumer Defensive,354762063872.0,22.240877,0.24342009234440323,167.25,137.62,9459271.0,US
AALI.JK,PT Astra Agro Lestari Tbk,Consumer Defensive,11740599287808.0,7.4850297,0.5008677145003007,9000.00,5600.00,2746533.0,ID
ABBA.JK,PT Mahaka Media Tbk,Communication Services,141692141568.0,49.0,0.817398297832758,97.00,29.00,477766.0,ID
ABDA.JK,PT Asuransi Bina Dana Arta Tbk,Financial Services,1868628099072.0,17.793804,0.8164079461485012,4760.00,2230.00,11079.0,ID
ABMM.JK,PT ABM Investama Tbk,Energy,6772785938432.0,5.9382997,0.5086135937864524,3190.00,2120.00,1543283.0,ID
ACES.JK,PT Aspirasi Hidup Indonesia Tbk,Consumer Cyclical,6266062635008.0,9.09995,0.39790723641337,550.00,310.00,40029749.0,ID
ACST.JK,PT Acset Indonusa Tbk,Industrials,1290286661632.0,14.8,0.395234112079019,204.00,69.00,883041.0,ID
ADES.JK,PT Akasha Wira International Tbk,Consumer Defensive,13021972791296.0,15.31391,0.3252136825257706,24000.00,10325.00,58883.0,ID
ADHI.JK,PT Adhi Karya (Persero) Tbk,Industrials,1404070658048.0,0.7264976,0.6908189052628348,318.00,130.00,10798356.0,ID
ADMF.JK,PT Adira Dinamika Multi Finance Tbk,Financial Services,10053093425152.0,6.1500616,0.19353863005954186,9350.00,7675.00,210066.0,ID
ADMG.JK,PT. Polychem Indonesia Tbk,Basic Materials,777835905024.0,99.0099,0.45028583531074395,268.00,106.00,497962.0,ID
ADRO.JK,PT Alamtri Resources Indonesia Tbk,Energy,66817145962496.0,7.5358934,0.4708341780934221,2700.00,1625.00,78603690.0,ID
AGAR.JK,PT Asia Sejahtera Mina Tbk,Consumer Defensive,217999998976.0,109.54774,0.6065654063828672,420.00,194.00,362847.0,ID
AGII.JK,PT Samator Indo Gas Tbk,Basic Materials,8371982303232.0,100.998886,0.599659249944251,3700.00,675.00,1109275.0,ID
AGRO.JK,PT Bank Raya Indonesia Tbk,Financial Services,3873120714752.0,82.63158,0.7909318284214162,272.00,119.00,28667383.0,ID
AGRS.JK,PT Bank IBK Indonesia Tbk,Financial Services,3015456325632.0,16.75532,0.6470353364773117,97.00,52.00,4696635.0,ID
AHAP.JK,PT Asuransi Harta Aman Pratama Tbk,Financial Services,436099973120.0,16.8,1.6337643332974168,214.00,58.00,25838498.0,ID
AIMS.JK,PT Artha Mahiya Investama Tbk,Energy,90199998464.0,21.98038,0.8014873817802038,1015.00,274.00,1171839.0,ID
AISA.JK,PT FKS Food Sejahtera Tbk,Consumer Defensive,399600615424.0,14.914773,0.6756459137928491,183.00,86.00,3995769.0,ID
AKKU.JK,PT Anugerah Kagum Karya Utama Tbk,Consumer Cyclical,245079621632.0,336.2832,0.0,50.00,27.00,19335.0,ID
AKPI.JK,PT Argha Karya Prima Industry Tbk,Consumer Cyclical,297552543744.0,9.346154,0.4642485912790783,740.00,452.00,168696.0,ID
AKRA.JK,PT AKR Corporindo Tbk,Energy,24254716313600.0,9.433962,0.46232639460023667,1595.00,1065.00,25700235.0,ID
AKSI.JK,PT Mineral Sumberdaya Mandiri Tbk,Industrials,141840007168.0,7.73459,0.883016532501118,650.00,159.00,439945.0,ID
ALDO.JK,PT Alkindo Naratama Tbk,Basic Materials,1900268355584.0,46.07843,0.5340552127128068,850.00,460.00,233309.0,ID
ALKA.JK,PT Alakasa Industrindo Tbk,Basic Materials,209486266368.0,15.034422,1.7712474538971563,1090.00,264.00,1060760.0,ID
ALMI.JK,PT Alumindo Light Metal Industry Tbk,Basic Materials,282384007168.0,20.7,0.0,76.00,74.00,0.0,ID
ALTO.JK,PT Tri Banyan Tirta Tbk,Consumer Defensive,39453667328.0,18.4,0.0,18.00,17.00,0.0,ID
AMAG.JK,PT Asuransi Multi Artha Guna Tbk,Financial Services,1938732613632.0,10.010215,0.35016778770026435,510.00,330.00,136564.0,ID
AMAN.JK,PT Makmur Berkah Amanda Tbk,Real Estate,968374943744.0,21.645021,0.4582274232299287,382.00,91.00,1843926.0,ID
AMAR.JK,PT Bank Amar Indonesia Tbk,Financial Services,3584720896000.0,14.20414,0.23440342594217328,302.00,155.00,662724.0,ID
AMFG.JK,PT Asahimas Flat Glass Tbk,Basic Materials,1310680023040.0,51.28205,0.5369135084650363,4100.00,2590.00,11954.0,ID
AMIN.JK,PT Ateliers Mecaniques D'Indonesie Tbk,Industrials,285120004096.0,14.9,0.6535732003748789,340.00,144.00,575145.0,ID
AMOR.JK,PT Ashmore Asset Management Indonesia Tbk,Financial Services,719876063232.0,9.644223,0.39155826524391885,560.00,288.00,516905.0,ID
AMRT.JK,PT Sumber Alfaria Trijaya Tbk,Consumer Defensive,56912188014592.0,16.340254,1.0759779246284025,2490.00,1105.00,98232264.0,ID
ANDI.JK,"PT Andira Agro, Tbk",Consumer Defensive,177649991680.0,23.9,1.0005948308226396,40.00,14.00,8603318.0,ID
ANJT.JK,PT Austindo Nusantara Jaya Tbk,Consumer Defensive,5215742328832.0,13.9,1.1379673628427405,2810.00,1020.00,180149.0,ID
ANTM.JK,PT Antam (Persero) Tbk,Basic Materials,75216294248448.0,10.438553,0.9186677617925318,4970.00,2450.00,167766339.0,ID
APEX.JK,PT Apexindo Pratama Duta Tbk,Energy,503598252032.0,5.8896723,0.8304910406027931,314.00,97.00,27668030.0,ID
APIC.JK,PT Pacific Strategic Financial Tbk,Financial Services,7118619934720.0,68.985176,1.6395934684245705,2410.00,442.00,6037318.0,ID
APII.JK,PT Arita Prima Indonesia Tbk,Industrials,190409523200.0,9.423917,0.40410967892399663,262.00,156.00,108628.0,ID
APLI.JK,PT Asiaplast Industries Tbk,Consumer Cyclical,362470572032.0,62.44131,1.212414223109601,600.00,200.00,807960.0,ID
APLN.JK,PT Agung Podomoro Land Tbk,Real Estate,2905513918464.0,7.4116964,0.7519650366857098,240.00,86.00,78539337.0,ID
ARGO.JK,PT Argo Pantes Tbk,Consumer Cyclical,2666444881920.0,37.449844,0.8079288967002309,2100.00,600.00,49577.0,ID
ARII.JK,PT Atlas Resources Tbk,Energy,1080000053248.0,30.8,0.6392319275502804,372.00,230.00,686184.0,ID
ARKA.JK,PT Arkha Jayanti Persada Tbk,Industrials,54000001024.0,15.254237,0.8619747912457494,55.00,18.00,2223401.0,ID
ARMY.JK,Armidian Karyatama Tbk.,Consumer,4987198994718.0,20.7,0.12,3548.80,2272.00,62441650.0,ID
ARNA.JK,PT Arwana Citramulia Tbk,Industrials,2994770280448.0,8.051408,0.2262042196519751,610.00,392.00,6117064.0,ID
ARTA.JK,PT Arthavest Tbk,Consumer Cyclical,996083433472.0,29.2,1.5551237822515276,4770.00,1800.00,21401.0,ID
ARTI.JK,"PT. Ratu Prabu Energi, Tbk",Energy,15680000000.0,1.0695187,0.0,2.00,2.00,0.0,ID
ARTO.JK,PT Bank Jago Tbk,Financial Services,14207864012800.0,48.076923,0.9531576696897266,2440.00,740.00,4629475.0,ID
ASBI.JK,PT Asuransi Bintang Tbk,Financial Services,141444907008.0,8.254381,0.3604708081899957,585.00,370.00,30449.0,ID
ASDM.JK,PT Asuransi Dayin Mitra Tbk,Financial Services,197759991808.0,11.441902,0.37425919723635903,765.00,480.00,65037.0,ID
ASGR.JK,PT Astra Graphia Tbk,Industrials,2050146435072.0,6.997836,0.40969055141135374,1940.00,850.00,1802443.0,ID
ASII.JK,PT Astra International Tbk,Industrials,195912064303104.0,6.23049,0.5572447823572688,7475.00,4350.00,60196345.0,ID
ASJT.JK,PT Asuransi Jasa Tania Tbk,Financial Services,222600003584.0,8.7,0.6624573199881247,286.00,101.00,278200.0,ID
ASMI.JK,PT Asuransi Maximus Graha Persada Tbk,Financial Services,143334080512.0,5.479452,0.8314357600454666,52.00,13.00,8119215.0,ID
ASPI.JK,PT Andalan Sakti Primaindo Tbk,Consumer Cyclical,233863282688.0,11.8,1.239294039424221,1385.00,140.00,1082526.0,ID
ASRI.JK,PT Alam Sutera Realty Tbk,Real Estate,2200734007296.0,7.344262,0.5141232419564249,204.00,96.00,18615156.0,ID
ASRM.JK,PT Asuransi Ramayana Tbk,Financial Services,316942024704.0,16.61085,0.34276165419119264,523.81,214.00,19003.0,ID
ASSA.JK,PT Adi Sarana Armada Tbk,Industrials,2436150853632.0,5.8786855,0.6639144848186268,1315.00,505.00,9634098.0,ID
ATAP.JK,PT Trimitra Prawara Goldland Tbk,Consumer Cyclical,552500002816.0,134.96182,1.311920558534425,1005.00,26.00,3033892.0,ID
ATIC.JK,PT Anabatic Technologies Tbk,Technology,1120634798080.0,5.91687,0.42148070523091336,935.00,368.00,145575.0,ID
AUTO.JK,PT Astra Otoparts Tbk,Consumer Cyclical,12001134772224.0,5.319149,0.3251073497949715,2940.00,1940.00,2725843.0,ID
AYLS.JK,PT Agro Yasa Lestari Tbk,Consumer Defensive,111798444032.0,31.8,1.086977456808767,322.00,91.00,7052396.0,ID
BABP.JK,PT Bank MNC Internasional Tbk,Financial Services,2222949662720.0,28.409092,0.16019034197566315,73.00,50.00,18015275.0,ID
BACA.JK,PT Bank Capital Indonesia Tbk,Financial Services,2374409912320.0,18.085106,0.5526853998989526,268.00,91.00,2250166.0,ID
BAJA.JK,PT Saranacentral Bajatama Tbk,Basic Materials,291600007168.0,10.5,1.2618835586859545,222.00,106.00,2618892.0,ID
BALI.JK,PT Bali Towerindo Sentra Tbk,Communication Services,4898567487488.0,26.455587,0.3752000341992251,2190.00,1060.00,9073.0,ID
BAPA.JK,PT Bekasi Asri Pemula Tbk,Real Estate,157504716800.0,29.0,0.0,250.00,50.00,114240126.0,ID
BAPI.JK,PT Bhakti Agung Propertindo Tbk,Real Estate,106247618560.0,27.3,0.910006454006055,53.00,8.00,7096603.0,ID
BATA.JK,PT Sepatu Bata Tbk.,Consumer Cyclical,80599998464.0,14.9,0.716733041172437,108.00,37.00,125230.0,ID
BAYU.JK,PT Bayu Buana Tbk,Consumer Cyclical,409736085504.0,49.2862,0.4197120595083152,1450.00,975.00,176877.0,ID
BBCA.JK,PT Bank Central Asia Tbk,Financial Services,771048433778688.0,13.31565,0.6525897600714554,9100.00,4820.00,262101909.0,ID
BBHI.JK,PT Allo Bank Indonesia Tbk,Financial Services,21401129975808.0,39.679356,1.302037134106876,1695.00,645.00,431373.0,ID
BBKP.JK,PT Bank KB Indonesia Tbk,Financial Services,10333813997568.0,0.3998546,0.3936765153712084,99.00,50.00,85132958.0,ID
BBLD.JK,PT Buana Finance Tbk,Financial Services,946332762112.0,103.04659,0.42723278077060656,1405.00,545.00,69018.0,ID
BBMD.JK,PT Bank Mestika Dharma Tbk,Financial Services,7977666871296.0,25.316456,0.25734841828483,2300.00,1850.00,1581.0,ID
BBNI.JK,PT Bank Negara Indonesia (Persero) Tbk,Financial Services,141575829061632.0,6.9735007,0.6323148276079065,4730.00,2990.00,72339990.0,ID
BBRI.JK,PT Bank Rakyat Indonesia (Persero) Tbk,Financial Services,450219007279104.0,7.686375,0.5328176675820538,4270.00,2540.00,327784679.0,ID
BBRM.JK,PT Pelayaran Nasional Bina Buana Raya Tbk,Industrials,898825977856.0,8.0,0.950025603835949,294.00,70.00,6966198.0,ID
BBSI.JK,PT Krom Bank Indonesia Tbk,Financial Services,16866980397056.0,95.22821,0.781501524218193,5225.00,3340.00,4405.0,ID
BBSS.JK,PT Bumi Benowo Sukses Sejahtera Tbk,Industrials,504001658880.0,23.4,0.8017522637762114,900.00,83.00,839392.0,ID
BBTN.JK,PT Bank Tabungan Negara (Persero) Tbk,Financial Services,18104432197632.0,4.8852534,0.7682925768873434,1505.00,1040.00,24423264.0,ID
BBYB.JK,PT Bank Neo Commerce Tbk,Financial Services,3257517473792.0,6.1122246,0.8644922628945556,615.00,189.00,23891501.0,ID
BCAP.JK,PT MNC Kapital Indonesia Tbk,Financial Services,2130942623744.0,7.800312,0.10200200551368419,84.00,50.00,24610832.0,ID
BCIC.JK,PT Bank JTrust Indonesia Tbk,Financial Services,1810992070656.0,21.5,1.3583626364567358,242.00,78.00,742456.0,ID
BCIP.JK,PT Bumi Citra Permai Tbk,Real Estate,87224844288.0,3.300866,0.6626966611956449,131.00,50.00,57985015.0,ID
BDMN.JK,PT Bank Danamon Indonesia Tbk,Financial Services,39094210002944.0,9.165903,0.6667188230914017,5000.00,2310.00,11777356.0,ID
BEEF.JK,PT Estika Tata Tiara Tbk,Consumer Defensive,1315480403968.0,13.022509,0.9716664259317772,920.00,118.00,16130677.0,ID
BEKS.JK,"PT. Bank Pembangunan Daerah Banten, Tbk",Financial Services,1141149663232.0,21.568628,0.756563770778292,40.00,19.00,20301220.0,ID
BELL.JK,PT Trisula Textile Industries Tbk,Consumer Cyclical,771730112512.0,1646.1539,1.2709120760001305,270.00,50.00,82054201.0,ID
BESS.JK,PT Batulicin Nusantara Maritim Tbk,Industrials,3268432625664.0,115.0121,0.5941330248437607,2220.00,775.00,187411.0,ID
BEST.JK,PT Bekasi Fajar Industrial Estate Tbk,Real Estate,964731076608.0,13.297873,0.49265165078367396,139.00,82.00,9540098.0,ID
BFIN.JK,PT BFI Finance Indonesia Tbk,Financial Services,10324568702976.0,6.9979005,0.5889104178974537,965.00,575.00,34664335.0,ID
BGTG.JK,PT Bank Ganesha Tbk,Financial Services,2684751446016.0,11.691023,0.5839845346573624,159.00,75.00,7636352.0,ID
BHAT.JK,PT Bhakti Multi Artha Tbk,Financial Services,6250000023552.0,15.5,1.478715247743542,2220.00,645.00,16577.0,ID
BHIT.JK,PT MNC Asia Holding Tbk,Communication Services,2422739566592.0,4.9235992,0.7936302679722351,55.00,23.00,10620715.0,ID
BIKA.JK,PT Binakarya Jaya Abadi Tbk,Real Estate,32575399936.0,0.5161944,0.0,55.00,55.00,0.0,ID
BIMA.JK,"PT. Primarindo Asia Infrastructure, Tbk.",Consumer Cyclical,49870409728.0,12.6,0.0,88.00,41.00,0.0,ID
BINA.JK,PT Bank Ina Perdana Tbk,Financial Services,22391715528704.0,18.2,0.5801553881779847,4950.00,3400.00,188762.0,ID
BIPI.JK,PT Astrindo Nusantara Infrastruktur Tbk,Industrials,10448471588864.0,10.34048,1.157843888381958,342.00,73.00,1172920654.0,ID
BIPP.JK,PT Bhuwanatala Indah Permai Tbk,Real Estate,286634147840.0,25.2,0.8927706720280757,114.00,33.00,49227096.0,ID
BIRD.JK,PT Blue Bird Tbk,Industrials,4028381003776.0,6.439227,0.4158252860756278,2050.00,1360.00,1501556.0,ID
BISI.JK,PT BISI International Tbk,Basic Materials,2174999986176.0,10.470826,0.433633319412199,975.00,610.00,483271.0,ID
BJBR.JK,PT Bank Pembangunan Daerah Jawa Barat dan Banten Tbk,Financial Services,8101511561216.0,6.9588795,0.3117879044933914,900.00,700.00,6533324.0,ID
BJTM.JK,PT Bank Pembangunan Daerah Jawa Timur Tbk,Financial Services,7883136172032.0,4.819166,0.2193966258580733,605.00,472.00,13107098.0,ID
BKDP.JK,PT Bukit Darmo Property Tbk,Real Estate,939249041408.0,22.1,0.6729140867741877,125.00,30.00,2887728.0,ID
BKSL.JK,PT Sentul City Tbk,Real Estate,11571913818112.0,13.398058,0.9494703777122431,193.00,52.00,288521245.0,ID
BKSW.JK,PT Bank QNB Indonesia Tbk,Financial Services,1828218470400.0,12.8,0.2517585306169167,81.00,50.00,2580501.0,ID
BLTA.JK,PT Berlian Laju Tanker Tbk,Industrials,932729782272.0,14.457831,1.0166817101621044,70.00,19.00,11908149.0,ID
BLTZ.JK,PT Graha Layar Prima Tbk,Communication Services,2516938915840.0,36.497272,0.35082805411855367,3300.00,1800.00,96.0,ID
BLUE.JK,PT Berkah Prima Perkasa Tbk,Technology,1421200064512.0,90.09009,0.8097638930388797,7100.00,298.00,620637.0,ID
BMAS.JK,PT Bank Maspion Indonesia Tbk,Financial Services,8761688719360.0,2547.3684,0.3617958140144356,850.00,452.00,25681.0,ID
BMRI.JK,PT Bank Mandiri (Persero) Tbk,Financial Services,419999986483200.0,7.178751,0.5524757399703547,5375.00,3650.00,219640839.0,ID
BMSR.JK,PT Bintang Mitra Semestaraya Tbk,Basic Materials,340804796416.0,3.4612668,0.9130504019985684,386.00,230.00,89313.0,ID
BMTR.JK,PT Global Mediacom Tbk,Communication Services,2044064038912.0,2.4414062,0.626313912917562,204.00,102.00,81783056.0,ID
BNBA.JK,PT Bank Bumi Arta Tbk,Financial Services,2574880079872.0,1117.6471,1.0739699804692453,1400.00,575.00,681988.0,ID
BNBR.JK,PT Bakrie & Brothers Tbk,Industrials,20811048026112.0,46.332047,1.4734368969708933,264.00,25.00,1641418832.0,ID
BNGA.JK,PT Bank CIMB Niaga Tbk,Financial Services,40077312917504.0,5.82742,0.2891000470193915,1920.00,1450.00,6077415.0,ID
BNII.JK,PT Bank Maybank Indonesia Tbk,Financial Services,14480888037376.0,9.156627,0.34800224966746673,236.00,170.00,1641747.0,ID
BNLI.JK,PT Bank Permata Tbk,Financial Services,116142005813248.0,31.445925,0.698797326610583,6500.00,2360.00,71026.0,ID
BOGA.JK,PT Apollo Global Interactive Tbk,Consumer Cyclical,5001636741120.0,1252.381,1.3193287350453593,1795.00,482.00,540526.0,ID
BOLA.JK,PT Bali Bintang Sejahtera Tbk,Communication Services,833999994880.0,20.0,0.8195878245809374,250.00,90.00,1365996.0,ID
BOLT.JK,PT Garuda Metalindo Tbk,Industrials,1851562393600.0,12.284248,0.2993553526039838,1285.00,755.00,33433.0,ID
BOSS.JK,Borneo Olah Sarana Sukses Tbk.,Consumer,4699101275924.0,27.3,0.22,3256.30,2630.30,66736115.0,ID
BPFI.JK,PT Woori Finance Indonesia Tbk,Financial Services,716630720512.0,8.510638,0.5382122508593089,398.00,222.00,187456.0,ID
BPII.JK,PT Batavia Prosperindo Internasional Tbk,Financial Services,4467636830208.0,39.823788,0.4620560557984912,700.00,398.00,90637.0,ID
BPTR.JK,PT Batavia Prosperindo Trans Tbk,Industrials,247380017152.0,8.452065,0.7341891565812705,110.00,58.00,8546109.0,ID
BRAM.JK,PT Indo Kordsa Tbk,Consumer Cyclical,2029757005824.0,131.5636,0.57098997311869,5825.00,3880.00,4198.0,ID
BRIS.JK,PT Bank Syariah Indonesia Tbk,Financial Services,86492361785344.0,11.428746,0.7728563755239576,2900.00,1565.00,20264256.0,ID
BRMS.JK,PT Bumi Resources Minerals Tbk,Basic Materials,93577463988224.0,98.95052,1.3239226855904171,1385.00,384.00,385978141.0,ID
BRNA.JK,PT Berlina Tbk,Consumer Cyclical,587466014720.0,100.0,0.342872605748762,950.00,535.00,139037.0,ID
BRPT.JK,PT Barito Pacific Tbk,Basic Materials,165869791477760.0,16.366158,1.5255469543429003,4530.00,1200.00,345579522.0,ID
BSDE.JK,PT Bumi Serpong Damai Tbk,Real Estate,12966304940032.0,5.094076,0.5284605439958847,1200.00,520.00,13246156.0,ID
BSIM.JK,PT Bank Sinarmas Tbk,Financial Services,14491379040256.0,50.239235,0.31462142735342585,1760.00,635.00,44205.0,ID
BSSR.JK,PT Baramulti Suksessarana Tbk,Energy,11224784830464.0,6.9734554,0.2666661588211279,4300.00,3790.00,548235.0,ID
BSWD.JK,PT Bank of India Indonesia Tbk,Financial Services,5090636201984.0,83.333336,0.07623174007910827,1430.00,800.00,83.0,ID
BTEK.JK,PT Bumi Teknokultura Unggul Tbk,Consumer Defensive,601607438336.0,13.8,1.1247254616105322,42.00,4.00,106969777.0,ID
BTEL.JK,Bakrie Telecom Tbk.,Consumer,15658288075387.0,18.1,0.21,4323.80,3331.60,55471824.0,ID
BTON.JK,PT Betonjaya Manunggal Tbk,Basic Materials,253440000000.0,26.302025,0.564659562695887,456.00,322.00,10883.0,ID
BTPN.JK,PT Bank SMBC Indonesia Tbk,Financial Services,22782322671616.0,51.025276,0.4192126056561243,2530.00,1900.00,140698.0,ID
BTPS.JK,PT Bank BTPN Syariah Tbk,Financial Services,7819255349248.0,6.4641447,0.3910596941247244,1630.00,835.00,5499175.0,ID
BUDI.JK,PT Budi Starch & Sweetener Tbk,Consumer Defensive,925203038208.0,7.5707464,0.1557452770274471,268.00,200.00,221162.0,ID
BUKK.JK,PT Bukaka Teknik Utama Tbk.,Industrials,3313767284736.0,12.547491,1.6296654901024723,2750.00,625.00,93466.0,ID
BULL.JK,PT Buana Lintas Lautan Tbk,Industrials,6011841675264.0,10.822873,1.3513797879805507,685.00,122.00,394722267.0,ID
BUMI.JK,PT Bumi Resources Tbk,Energy,64241025417216.0,40.139214,1.143298393917386,484.00,103.00,4072053903.0,ID
BUVA.JK,PT Bukit Uluwatu Villa Tbk,Consumer Cyclical,20801411612672.0,1111.8422,1.8187573637252639,2320.00,72.00,232901435.0,ID
BVIC.JK,PT Bank Victoria International Tbk,Financial Services,1657747668992.0,12.802276,0.7785704780700886,185.00,69.00,1976949.0,ID
BWPT.JK,PT Eagle High Plantations Tbk,Consumer Defensive,2427544666112.0,6.571188,0.8883251441113516,193.00,59.00,117706158.0,ID
BYAN.JK,PT Bayan Resources Tbk.,Energy,325833331834880.0,24.752476,0.3839201854192721,19975.00,9075.00,76490.0,ID
CAKK.JK,PT Cahayaputra Asa Keramik Tbk,Industrials,172071927808.0,11.925611,0.9798611890945911,232.00,119.00,221243.0,ID
CAMP.JK,"PT Campina Ice Cream Industry, Tbk.",Consumer Defensive,1076955054080.0,14.142195,0.8115408919561503,242.00,142.00,322643.0,ID
CANI.JK,PT Capitol Nusantara Indonesia Tbk,Industrials,123349123072.0,16.5,1.0614074551356165,466.00,38.00,487305.0,ID
CARE.JK,PT Metro Healthcare Indonesia Tbk,Healthcare,13499500593152.0,398.0392,0.16189112247428952,965.00,218.00,1196109.0,ID
CARS.JK,PT Industri dan Perdagangan Bintraco Dharma Tbk,Consumer Cyclical,1380000071680.0,9.2648535,0.7854285435106981,159.00,75.00,7904024.0,ID
CASA.JK,PT Capital Financial Indonesia Tbk,Financial Services,100508719120384.0,834.8416,1.0489246584315863,1845.00,870.00,1150028.0,ID
CASH.JK,PT Cashlez Worldwide Indonesia Tbk,Industrials,257602584576.0,18.0,0.9491239980516466,278.00,54.00,4884532.0,ID
CASS.JK,PT Cahaya Aero Services Tbk,Industrials,3746075246592.0,8.277993,0.3330144408784939,3170.00,1655.00,435684.0,ID
CBMF.JK,Cahaya Bintang Medan Tbk.,Consumer,33946899510056.0,13.1,0.16,1040.60,689.30,80171227.0,ID
CCSI.JK,PT Communication Cable Systems Indonesia Tbk,Technology,336000024576.0,7.7505074,0.6071083476732804,450.00,200.00,677133.0,ID
CEKA.JK,PT Wilmar Cahaya Indonesia Tbk.,Consumer Defensive,1380399972352.0,8.2237425,0.36506507317172904,3200.00,2020.00,39050.0,ID
CENT.JK,PT Centratama Telekomunikasi Indonesia Tbk,Communication Services,2369943240704.0,30.5,1.1315002338171993,200.00,59.00,6861869.0,ID
CFIN.JK,PT. Clipan Finance Indonesia Tbk,Financial Services,1370675085312.0,5.7941723,0.44521550383555225,360.00,286.00,2269850.0,ID
CINT.JK,PT Chitose Internasional Tbk,Consumer Cyclical,172999999488.0,24.6,0.6021472417609927,298.00,145.00,882832.0,ID
CITA.JK,PT Cita Mineral Investindo Tbk,Basic Materials,12197912641536.0,7.3691263,0.49315758905596563,5900.00,2560.00,470735.0,ID
CITY.JK,PT Natura City Developments Tbk,Real Estate,821588721664.0,39.175255,1.164106311082302,474.00,81.00,3519883.0,ID
CLAY.JK,PT Citra Putra Realty Tbk,Consumer Cyclical,6938999914496.0,555.55554,0.19117339374409792,4310.00,620.00,45547.0,ID
CLEO.JK,PT Sariguna Primatirta Tbk,Consumer Defensive,9408000032768.0,24.272446,0.5740927089806626,700.00,320.00,5420707.0,ID
CLPI.JK,PT Colorpak Indonesia Tbk,Basic Materials,504966643712.0,7.342144,0.40125086770362534,1690.00,1090.00,131990.0,ID
CMNP.JK,PT Citra Marga Nusaphala Persada Tbk,Industrials,9174005055488.0,7.8740153,0.29470930874402523,2130.00,1220.00,606920.0,ID
CMPP.JK,PT AirAsia Indonesia Tbk,Industrials,790699245568.0,30.2,0.5618366798482539,128.00,65.00,187894.0,ID
CNKO.JK,PT Exploitasi Energi Indonesia Tbk,Energy,376167137280.0,1.9839395,1.065337513706509,127.00,28.00,14899673.0,ID
CNTX.JK,PT Century Textile Industry Tbk,Consumer Cyclical,28400001024.0,17.5,0.0,142.00,142.00,0.0,ID
COCO.JK,PT Wahana Interfood Nusantara Tbk,Consumer Defensive,708331765760.0,27.353952,1.290522014193064,805.00,143.19,65662100.0,ID
COWL.JK,Cowell Development Tbk.,Consumer,14579966974342.0,26.8,0.19,5292.60,4808.40,43652621.0,ID
CPIN.JK,PT Charoen Pokphand Indonesia Tbk,Consumer Defensive,55917181665280.0,8.375292,0.6136190095806979,5375.00,3080.00,9872432.0,ID
CPRI.JK,Capri Nusa Satu Properti Tbk.,Consumer,26088851631443.0,29.9,0.11,854.50,574.80,65414503.0,ID
CPRO.JK,PT Central Proteina Prima Tbk,Consumer Defensive,3038191550464.0,8.360656,0.2630199901942282,88.00,50.00,112839286.0,ID
CSAP.JK,PT Catur Sentosa Adiprana Tbk,Industrials,1625388089344.0,12.688553,0.4145399326699583,384.00,230.00,112043.0,ID
CSIS.JK,PT Cahayasakti Investindo Sukses Tbk,Real Estate,274469994496.0,21.682566,0.8401988441131437,619.81,55.00,4114879.0,ID
CSMI.JK,PT Cipta Selera Murni Tbk,Consumer Cyclical,58756427776.0,27.6,0.865881243592081,2080.00,58.00,21885494.0,ID
CSRA.JK,PT Cisadane Sawit Raya Tbk,Consumer Defensive,1660500049920.0,5.9137034,0.6654381967664289,1085.00,620.00,556675.0,ID
CTBN.JK,PT Citra Tubindo Tbk,Energy,4562117722112.0,52.91005,1.4628716695928956,9100.00,4500.00,13479.0,ID
CTRA.JK,PT Ciputra Development Tbk,Real Estate,10843381039104.0,4.3011546,0.4604657515324262,1110.00,510.00,13883190.0,ID
CTTH.JK,PT Citatah Tbk,Basic Materials,173548404736.0,20.2,1.6774041142540204,250.00,23.00,46034905.0,ID
DADA.JK,PT Diamond Citra Propertindo Tbk,Real Estate,371576537088.0,14.947683,0.0,240.00,6.00,44424583.0,ID
DART.JK,PT Duta Anggada Realty Tbk.,Real Estate,402098028544.0,12.1,0.781765173489173,240.00,102.00,1360516.0,ID
DAYA.JK,PT Duta Intidaya Tbk,Consumer Cyclical,2614190931968.0,30.20979,0.5221448472019306,1925.00,800.00,20173.0,ID
DEAL.JK,Dewata Freightinternational Tb,Consumer,39206761934879.0,16.6,0.23,2924.00,2673.70,69000625.0,ID
DEFI.JK,PT Danasupra Erapacific Tbk,Financial Services,75036000256.0,16.9,1.1057993349327808,1455.00,50.00,123398318.0,ID
DEWA.JK,PT Darma Henwa Tbk,Energy,15054351106048.0,3.3047516,1.3080162915474949,865.00,166.00,766965281.0,ID
DFAM.JK,PT Dafam Property Indonesia Tbk,Real Estate,167187054592.0,21.7,1.4501640362796497,157.00,50.00,54105018.0,ID
DGIK.JK,PT Nusa Konstruksi Enjiniring Tbk,Industrials,642618818560.0,12.042389,0.4592734111211779,206.00,82.00,3103869.0,ID
DIGI.JK,PT Arkadia Digital Media Tbk,Communication Services,50375000064.0,66.6,1.0810382340988054,62.00,18.00,1885043.0,ID
DILD.JK,PT Intiland Development Tbk,Real Estate,1233536548864.0,21.996304,0.4375200658355119,173.00,101.00,20500918.0,ID
DIVA.JK,PT Distribusi Voucher Nusantara Tbk,Technology,162398552064.0,116.0,1.0618216562438019,254.00,88.00,27480484.0,ID
DKFT.JK,PT Central Omega Resources Tbk,Basic Materials,3914574856192.0,5.807296,0.9878789321984526,1055.00,404.00,13594737.0,ID
DLTA.JK,PT Delta Djakarta Tbk,Consumer Defensive,1501235773440.0,9.920635,0.18902596693801466,2330.00,1815.00,94633.0,ID
DMAS.JK,PT Puradelta Lestari Tbk,Real Estate,7518905434112.0,5.951927,0.3465001860984013,162.00,127.00,108964692.0,ID
DMMX.JK,PT Digital Mediatama Maxima Tbk,Communication Services,1226844536832.0,20.460049,0.7239275299697765,466.00,126.00,553171.0,ID
DMND.JK,PT Diamond Food Indonesia Tbk,Consumer Defensive,5870382481408.0,12.919357,0.3548604132879914,955.00,488.00,50618.0,ID
DNAR.JK,PT Bank Oke Indonesia Tbk,Financial Services,1993302212608.0,10.305677,0.7744557091226166,302.00,87.00,2020767.0,ID
DNET.JK,PT Indoritel Makmur Internasional Tbk.,Communication Services,146095191621632.0,113.63637,0.6007590528665704,11400.00,8100.00,12403.0,ID
DOID.JK,PT Buma Internasional Grup Tbk,Energy,1515576885248.0,1.1167732,0.4612326049454727,488.00,190.00,5609028.0,ID
DPNS.JK,PT Duta Pertiwi Nusantara Tbk,Basic Materials,102650281984.0,4.298511,0.0,360.00,200.00,0.0,ID
DPUM.JK,PT Dua Putra Utama Makmur Tbk,Consumer Defensive,483086630912.0,23.1,0.793241515868444,298.00,50.00,23541543.0,ID
DSFI.JK,PT Dharma Samudera Fishing Industries Tbk,Consumer Defensive,129999486976.0,7.4571214,0.9820329784162626,158.00,53.00,7134373.0,ID
DSNG.JK,PT Dharma Satya Nusantara Tbk,Consumer Defensive,12189819731968.0,6.4059715,0.6161879756742704,2050.00,715.00,13164590.0,ID
DSSA.JK,PT Dian Swastatika Sentosa Tbk,Energy,126106673872896.0,32.47012,1.8428316369252964,4720.00,410.00,381191294.0,ID
DUCK.JK,Jaya Bersama Indo Tbk.,Consumer,14865054269185.0,24.5,0.18,9555.50,7195.90,70252817.0,ID
DUTI.JK,PT Duta Pertiwi Tbk,Real Estate,7400000061440.0,17.54386,0.4151695115106373,4950.00,3000.00,3090.0,ID
DVLA.JK,PT Darya-Varia Laboratoria Tbk,Healthcare,1730399961088.0,12.360989,0.24568781680171095,1740.00,1450.00,20447.0,ID
DWGL.JK,PT Dwi Guna Laksana Tbk,Energy,2313205317632.0,10.38206,0.6486964561693948,1075.00,197.00,1397209.0,ID
DYAN.JK,PT Dyandra Media International Tbk,Communication Services,329018245120.0,7.1828356,0.7778169209503908,112.00,66.00,7123700.0,ID
EAST.JK,PT Eastparc Hotel Tbk,Consumer Cyclical,367250079744.0,21.487204,0.155522900121468,120.00,84.00,2303124.0,ID
ECII.JK,PT Electronic City Indonesia Tbk,Consumer Cyclical,155504869376.0,14.5,0.6930611175769105,270.00,107.00,754450.0,ID
EKAD.JK,PT Ekadharma International Tbk,Basic Materials,569501614080.0,1.1143547,0.3877924283550455,228.00,143.00,368171.0,ID
ELSA.JK,PT Elnusa Tbk,Energy,4452084875264.0,6.1728396,0.5325363306626238,1050.00,458.00,50801258.0,ID
ELTY.JK,PT Bakrieland Development Tbk,Real Estate,1218613608448.0,12.7,0.9489435620297612,108.00,9.00,146638709.0,ID
EMDE.JK,PT Megapolitan Developments Tbk,Real Estate,187600011264.0,18.5,0.5135052732353416,125.00,51.00,20242252.0,ID
EMTK.JK,PT Elang Mahkota Teknologi Tbk,Communication Services,36097677590528.0,12.787169,0.6671112769839516,1700.00,464.00,41807918.0,ID
ENRG.JK,PT Energi Mega Persada Tbk,Energy,36752991453184.0,25.771292,1.4619453924180452,2420.00,290.00,115158909.0,ID
ENVY.JK,Envy Technologies Indonesia Tb,Technology,43012499054855.0,66.2,0.39,3152.50,2177.60,78625059.0,ID
ENZO.JK,PT Morenzo Abadi Perkasa Tbk,Consumer Defensive,151378296832.0,14.253716,0.9775139934021044,125.00,28.00,75568186.0,ID
EPAC.JK,PT Megalestari Epack Sentosaraya Tbk,Consumer Cyclical,184990400512.0,12.4,0.8289095007500631,83.00,11.00,18967447.0,ID
EPMT.JK,PT Enseval Putera Megatrading Tbk.,Healthcare,6365304061952.0,8.216784,0.29056722547206154,2460.00,2090.00,87366.0,ID
ERAA.JK,PT Erajaya Swasembada Tbk,Consumer Cyclical,5912788467712.0,4.128891,0.44386040480273214,585.00,314.00,40428379.0,ID
ERTX.JK,PT Eratex Djaja Tbk,Consumer Cyclical,178829033472.0,139000.0,0.9205390015396286,410.00,90.00,2102526.0,ID
ESIP.JK,PT Sinergi Inti Plastindo Tbk,Consumer Cyclical,123204870144.0,37.123745,1.0292110075594167,238.00,26.00,324200154.0,ID
ESSA.JK,PT ESSA Industries Indonesia Tbk.,Basic Materials,10594589605888.0,11.601585,0.6209114573344007,995.00,525.00,138004096.0,ID
ESTA.JK,PT Esta Multi Usaha Tbk,Consumer Cyclical,463242657792.0,20.5,0.8668911515312145,474.00,58.00,2464226.0,ID
ESTI.JK,PT Ever Shine Tex Tbk,Consumer Cyclical,259961929728.0,128999.99,1.6735625990195915,334.00,34.00,14235645.0,ID
ETWA.JK,Eterindo Wahanatama Tbk,Consumer,42083343284779.0,23.8,0.19,5703.90,5073.10,61885355.0,ID
EXCL.JK,PT XLSMART Telecom Sejahtera Tbk,Communication Services,46409650798592.0,15.188517,0.5645618593184908,4550.00,2180.00,12080960.0,ID
FAST.JK,PT Fast Food Indonesia Tbk,Consumer Cyclical,1112019042304.0,24.9,0.7778630643735123,870.00,190.00,1894832.0,ID
FASW.JK,PT Fajar Surya Wisesa Tbk,Consumer Cyclical,17555842400256.0,31.2,0.0,5450.00,5312.50,0.0,ID
FILM.JK,PT.MD Entertainment Tbk,Communication Services,19597619101696.0,26.7,1.4495318844479743,14750.00,1380.00,5134081.0,ID
FINN.JK,First Indo American Leasing Tb,Consumer,15443427709848.0,14.5,0.19,2499.70,2217.20,78780963.0,ID
FIRE.JK,PT Alfa Energi Investama Tbk,Energy,162289958912.0,20.3,1.1221123052839155,288.00,70.00,30361324.0,ID
FISH.JK,PT FKS Multi Agro Tbk,Consumer Defensive,3000000053248.0,11.614942,0.696670156922906,10350.00,510.00,106279.0,ID
FITT.JK,PT Hotel Fitra International Tbk,Consumer Cyclical,519100268544.0,27.7,1.3358846289911295,1610.00,163.00,2756426.0,ID
FMII.JK,PT Fortune Mate Indonesia Tbk,Real Estate,1561599934464.0,19.8,0.7470512853167502,454.00,197.00,191041.0,ID
FOOD.JK,PT Sentra Food Indonesia Tbk,Consumer Defensive,115049996288.0,21.5,1.1103954099328264,478.00,99.00,66890.0,ID
FORU.JK,PT Fortune Indonesia Tbk,Communication Services,1753894486016.0,20.5,1.5491866599148658,3830.00,985.00,597090.0,ID
FORZ.JK,Forza Land Indonesia Tbk.,Consumer,35426151585939.0,26.9,0.21,6641.20,5364.10,45330020.0,ID
FPNI.JK,PT Lotte Chemical Titan Tbk,Basic Materials,1892580720640.0,13.888889,1.1246449276060333,1955.00,183.00,6068971.0,ID
FREN.JK,Smartfren Telecom Tbk.,Consumer,9394239910508.0,20.0,0.13,11048.40,6908.00,64691290.0,ID
FUJI.JK,PT Fuji Finance Indonesia Tbk,Financial Services,358799998976.0,61.333332,0.5757838616936487,1000.00,224.00,11274932.0,ID
GAMA.JK,Aksara Global Development Tbk.,Consumer,7912451342478.0,18.0,0.22,8617.00,7841.60,52063938.0,ID
GDST.JK,PT Gunawan Dianjaya Steel Tbk,Basic Materials,767127519232.0,17.008196,0.6778932309052548,142.00,67.00,8433705.0,ID
GDYR.JK,PT Goodyear Indonesia Tbk,Consumer Cyclical,448950009856.0,182500.0,0.4267960441927092,1485.00,880.00,198473.0,ID
GEMA.JK,PT Gema Grahasarana Tbk,Consumer Cyclical,127759990784.0,11.220196,0.32951821624710526,148.00,67.00,2266575.0,ID
GEMS.JK,PT Golden Energy Mines Tbk,Energy,39705882132480.0,8.554266,0.6021193992543078,9650.00,5625.00,132866.0,ID
GGRM.JK,PT Gudang Garam Tbk,Consumer Defensive,30352489840640.0,10.152268,0.5033138553818743,17975.00,8300.00,970066.0,ID
GGRP.JK,PT Gunung Raja Paksi Tbk,Basic Materials,3584967311360.0,16.9,0.35486027523404345,372.00,194.00,1122907.0,ID
GHON.JK,PT Gihon Telekomunikasi Indonesia Tbk,Communication Services,1281499987968.0,14.261756,0.8564027996263911,2400.00,1450.00,60630.0,ID
GIAA.JK,PT. Garuda Indonesia (Persero) Tbk,Industrials,24018411323392.0,13.1,0.5566905654843699,126.00,50.00,177440367.0,ID
GJTL.JK,PT. Gajah Tunggal Tbk,Consumer Cyclical,4024549507072.0,3.165598,0.35028417752898894,1265.00,925.00,6562966.0,ID
GLOB.JK,PT Globe Kita Terang Tbk,Consumer Cyclical,172222349312.0,17.4,0.0,155.00,42.00,0.0,ID
GLVA.JK,PT Galva Technologies Tbk,Technology,482999992320.0,9.79557,0.45476564254024565,575.00,290.00,36611.0,ID
GMFI.JK,PT Garuda Maintenance Facility Aero Asia Tbk,Industrials,6616268668928.0,3.164179,0.3531559228285308,152.00,50.00,117182501.0,ID
GMTD.JK,PT Gowa Makassar Tourism Development Tbk,Real Estate,1507839311872.0,46.9491,0.904102362118374,3500.00,1255.00,30858.0,ID
GOLD.JK,PT Merdeka Gold Resources Tbk,Communication Services,316764454912.0,20.88421,0.8287873695944866,428.00,228.00,96020.0,ID
GOLL.JK,Golden Plantation Tbk.,Consumer,42038867255230.0,10.0,0.14,1410.40,1152.50,71758453.0,ID
GOOD.JK,PT Garudafood Putra Putri Jaya Tbk,Consumer Defensive,12095853690880.0,17.540106,0.2767310830397841,456.00,302.00,163983.0,ID
GPRA.JK,PT Perdana Gapuraprima Tbk,Real Estate,436218855424.0,8.46473,0.5826053292920768,183.00,92.00,33558928.0,ID
GSMF.JK,PT Equity Development Investment Tbk,Financial Services,1053049618432.0,15.416666,1.1692903221083162,167.00,51.00,62038543.0,ID
GTBO.JK,PT Garda Tujuh Buana Tbk,Energy,454999998464.0,20.2,0.36434393189732095,328.00,155.00,270384.0,ID
GWSA.JK,PT Greenwood Sejahtera Tbk,Real Estate,967294189568.0,7.4074073,0.6241252969953165,286.00,105.00,1704022.0,ID
GZCO.JK,PT Gozco Plantations Tbk,Consumer Defensive,890067746816.0,9.716088,0.9534963435154991,450.00,82.00,37020966.0,ID
HADE.JK,PT Himalaya Energi Perkasa Tbk,Consumer Cyclical,36039999488.0,8.4,0.7869742567462196,48.00,7.00,4065949.0,ID
HDFA.JK,PT Radana Bhaskara Finance Tbk,Financial Services,575735201792.0,19.6,0.6227210444049154,222.00,73.00,2161073.0,ID
HDIT.JK,PT Hensel Davest Indonesia Tbk,Technology,77758676992.0,12.5,0.4026538543906487,111.00,17.00,23189671.0,ID
HDTX.JK,"HDTX.JK,0P0000B9YK,0",Consumer,4846093584578.0,13.1,0.22,120.00,120.00,16248238.0,ID
HEAL.JK,PT Medikaloka Hermina Tbk,Healthcare,12791393026048.0,31.343845,0.5270971959373301,1775.00,760.00,10372662.0,ID
HELI.JK,PT Jaya Trishindo Tbk,Industrials,146583781376.0,5.5189714,0.8684869156407047,302.00,128.00,861350.0,ID
HERO.JK,PT DFI Retail Nusantara Tbk,Consumer Cyclical,1363864715264.0,18.11111,0.3834172183237887,815.00,310.00,1183528.0,ID
HEXA.JK,PT Hexindo Adiperkasa Tbk,Industrials,3754799923200.0,7.331354,0.30340026223081296,5700.00,4000.00,226667.0,ID
HITS.JK,PT Humpuss Intermoda Transportasi Tbk.,Industrials,823725850624.0,24.21712,0.0,236.00,116.00,0.0,ID
HKMU.JK,HK Metals Utama Tbk.,Consumer,26938291238907.0,18.1,0.23,615.60,466.60,57955531.0,ID
HMSP.JK,PT Hanjaya Mandala Sampoerna Tbk,Consumer Defensive,72698797490176.0,10.593221,0.3880316422794091,1000.00,510.00,20478249.0,ID
HOKI.JK,PT Buyung Poetra Sembada Tbk,Consumer Defensive,532276379648.0,13.4,0.5272644876767922,107.00,50.00,22898530.0,ID
HOME.JK,Hotel Mandarine Regency Tbk.,Consumer,40066441120513.0,10.6,0.16,2918.50,1915.80,70823123.0,ID
HOMI.JK,PT Grand House Mulia Tbk,Real Estate,305550000128.0,346.42856,0.49359994820222974,900.00,159.00,3464192.0,ID
HOTL.JK,Saraswati Griya Lestari Tbk.,Consumer,981952310607.0,15.2,0.13,1656.80,1478.70,52656560.0,ID
HRME.JK,PT Menteng Heritage Realty Tbk,Consumer Cyclical,268143755264.0,10.1,0.9953850810488272,72.00,20.00,3190607.0,ID
HRTA.JK,PT Hartadinata Abadi Tbk,Consumer Cyclical,9993418964992.0,7.917685,1.146701236027666,3440.00,550.00,18773424.0,ID
HRUM.JK,PT Harum Energy Tbk,Energy,10913302183936.0,14.925373,0.8976758000196237,1375.00,595.00,16055243.0,ID
IATA.JK,PT MNC Energy Investments Tbk,Energy,2032928948224.0,17.287233,0.900898697079582,198.00,48.00,136944822.0,ID
IBFN.JK,PT Intan Baru Prana Tbk,Financial Services,95591940096.0,10.2,1.0801027328499537,242.00,11.00,1325839.0,ID
IBST.JK,PT Inti Bangun Sejahtera Tbk,Communication Services,11448920047616.0,29.15477,0.0,8475.00,4210.00,413.0,ID
ICBP.JK,PT Indofood CBP Sukses Makmur Tbk,Consumer Defensive,76968590573568.0,8.417508,0.49591260541155696,10850.00,5925.00,5884739.0,ID
ICON.JK,PT Island Concepts Indonesia Tbk,Energy,111154503680.0,22.6,1.1163989283722557,173.00,34.00,43288932.0,ID
IDPR.JK,PT Indonesia Pondasi Raya Tbk,Industrials,600900042752.0,20.080322,0.14241540801801736,665.00,182.00,106805.0,ID
IFII.JK,PT Indonesia Fibreboard Industry Tbk,Basic Materials,2089463971840.0,13.866333,0.40999227607564304,362.00,199.00,204856.0,ID
IFSH.JK,PT Ifishdeco Tbk,Basic Materials,2269314023424.0,38.163002,1.040316123815281,3690.00,660.00,231790.0,ID
IGAR.JK,PT Champion Pacific Indonesia Tbk,Consumer Cyclical,395234541568.0,7.0077314,0.28148542012763705,775.00,400.00,92101.0,ID
IIKP.JK,Inti Agri Resources Tbk,Consumer,7262922980185.0,15.7,0.13,4344.30,3615.00,41685282.0,ID
IKAI.JK,PT Intikeramik Alamasri Industri Tbk,Industrials,266115989504.0,25.0,0.7689599350645081,42.00,7.00,27311239.0,ID
IKAN.JK,PT Era Mandiri Cemerlang Tbk,Consumer Defensive,60833308672.0,37.244896,0.7797467940432026,187.00,60.00,22619260.0,ID
IKBI.JK,PT Sumi Indo Kabel Tbk,Industrials,624239968256.0,3.8955088,0.3557827666088556,685.00,378.00,43081.0,ID
IMAS.JK,PT Indomobil Sukses Internasional Tbk,Consumer Cyclical,3554919055360.0,27.622593,0.6438938980768953,1465.00,750.00,631879.0,ID
IMJS.JK,PT Indomobil Multi Jasa Tbk,Industrials,1551444606976.0,9.131545,0.7663785728821945,490.96,118.00,15622381.0,ID
IMPC.JK,PT Impack Pratama Industri Tbk,Industrials,97687177265152.0,144.88637,1.130252969646268,4170.00,290.00,32368062.0,ID
INAF.JK,PT Indofarma Tbk,Healthcare,390507724800.0,22.0,0.0,126.00,126.00,0.0,ID
INAI.JK,PT Indal Aluminium Industry Tbk,Basic Materials,84902395904.0,28.7,0.7031699197194988,312.00,118.00,1100169.0,ID
INCF.JK,PT Indo Komoditi Korpora Tbk,Basic Materials,71918518272.0,15.6,0.09461123516336756,84.00,20.00,39493341.0,ID
INCI.JK,PT Intanwijaya Internasional Tbk,Basic Materials,133938520064.0,7.6638823,0.37965943919420786,920.00,550.00,62147.0,ID
INCO.JK,PT Vale Indonesia Tbk,Basic Materials,53489405263872.0,30.768764,1.1643849901068652,7900.00,3050.00,26091130.0,ID
INDF.JK,PT Indofood Sukses Makmur Tbk,Consumer Defensive,58389832925184.0,5.344714,0.42015942309281257,8825.00,5850.00,11983981.0,ID
INDO.JK,PT Royalindo Investa Wijaya Tbk,Consumer Cyclical,752764649472.0,22.982216,0.35513324925745066,585.00,139.00,32487501.0,ID
INDR.JK,PT. Indo-Rama Synthetics Tbk,Consumer Cyclical,1334877487104.0,27.3,1.0757701155025123,4340.00,1610.00,102064.0,ID
INDS.JK,PT Indospring Tbk,Consumer Cyclical,1863749206016.0,33.76932,0.805869354018958,3410.00,206.00,25696349.0,ID
INDX.JK,PT Tanah Laut Tbk,Industrials,28902297600.0,846.1538,0.8700994807934405,284.00,52.00,13789383.0,ID
INDY.JK,PT. Indika Energy Tbk,Energy,12330380296192.0,66.21961,1.1424376107047338,4370.00,1250.00,26281537.0,ID
INKP.JK,PT Indah Kiat Pulp & Paper Tbk,Basic Materials,42263346413568.0,5.0200806,0.7181029345567416,12750.00,5325.00,7347128.0,ID
INOV.JK,PT Inocycle Technology Group Tbk,Industrials,218794852352.0,6.517992,0.6558129010883341,248.00,80.00,12626973.0,ID
INPC.JK,PT Bank Artha Graha Internasional Tbk,Financial Services,2811054260224.0,10.7,1.0270086886970513,318.00,102.00,5367550.0,ID
INPP.JK,PT Indonesian Paradise Property Tbk,Real Estate,8106929553408.0,121.84874,0.19509523619961028,980.00,610.00,20590.0,ID
INPS.JK,PT Indah Prakasa Sentosa Tbk,Industrials,451750002688.0,22.3,0.8540354657790594,890.00,103.00,403073.0,ID
INRU.JK,PT Toba Pulp Lestari Tbk,Basic Materials,819441172480.0,inf,0.0,1170.00,590.00,0.0,ID
INTA.JK,PT Intraco Penta Tbk,Industrials,217355780096.0,18.4,0.9465935267097662,220.00,10.00,1808986.0,ID
INTD.JK,PT Inter Delta Tbk,Basic Materials,140855050240.0,48.061386,1.1752573983996564,486.00,162.00,591711.0,ID
INTP.JK,PT Indocement Tunggal Prakarsa Tbk,Basic Materials,13922991079424.0,6.261722,0.35480155512846384,7475.00,3880.00,2172569.0,ID
IPCC.JK,PT Indonesia Kendaraan Terminal Tbk,Industrials,2263888953344.0,8.771931,0.509517379464184,1450.00,985.00,1315169.0,ID
IPCM.JK,PT Jasa Armada Indonesia Tbk,Industrials,1701709217792.0,8.59813,0.36959128452728396,372.00,264.00,940000.0,ID
IPOL.JK,PT Indopoly Swakarsa Industry Tbk,Consumer Cyclical,695885037568.0,35.409836,0.5105204087016106,176.00,97.00,5726994.0,ID
IPTV.JK,PT MNC Vision Networks Tbk,Communication Services,1265938464768.0,24.8,0.8404410140025664,71.00,24.00,6897873.0,ID
IRRA.JK,PT Itama Ranoraya Tbk,Healthcare,536782962688.0,8.360732,0.42838631100613983,615.00,322.00,4609837.0,ID
ISAT.JK,PT Indosat Ooredoo Hutchison Tbk,Communication Services,60309016412160.0,10.604514,0.5750465253065452,2600.00,1615.00,16127713.0,ID
ISSP.JK,PT Steel Pipe Industry of Indonesia Tbk,Basic Materials,2735973597184.0,5.1975884,0.44162197237495016,570.00,308.00,1499150.0,ID
ITIC.JK,PT Indonesian Tobacco Tbk,Consumer Defensive,188143992832.0,9.309687,0.5291904397043943,595.00,167.00,774541.0,ID
ITMA.JK,PT Sumber Energi Andalan Tbk,Basic Materials,1543537164288.0,37.454544,1.0154475563629473,2920.00,705.00,392883.0,ID
ITMG.JK,PT Indo Tambangraya Megah Tbk,Energy,26060766838784.0,8.143323,0.42218515036889454,30700.00,20900.00,3545509.0,ID
JAST.JK,PT. Jasnita Telekomindo Tbk,Communication Services,86606061568.0,15.3,0.949054230409274,188.00,55.00,8573450.0,ID
JAWA.JK,PT Jaya Agra Wattie Tbk,Consumer Defensive,1980420063232.0,24.1,0.788645016218202,250.00,102.00,6210773.0,ID
JAYA.JK,PT Armada Berjaya Trans Tbk,Industrials,100266426368.0,15.544676,0.6265532008029614,260.00,90.00,35876884.0,ID
JECC.JK,PT Jembo Cable Company Tbk,Industrials,434699993088.0,6.522972,0.869229995817215,1845.00,468.00,37001.0,ID
JGLE.JK,PT Graha Andrasentra Propertindo Tbk,Consumer Cyclical,1332332724224.0,12.1,0.9624523934944244,99.00,7.00,215925507.0,ID
JIHD.JK,PT Jakarta International Hotels & Development Tbk,Consumer Cyclical,973538852864.0,23.2,0.5838064110673407,835.00,340.00,634164.0,ID
JKON.JK,PT Jaya Konstruksi Manggala Pratama Tbk,Industrials,1092670849024.0,7.6396804,0.4955996594584055,112.00,60.00,15790137.0,ID
JKSW.JK,Jakarta Kyoei Steel Works Tbk.,Consumer,13888068905126.0,18.0,0.12,6520.70,5122.20,51351079.0,ID
JMAS.JK,PT Asuransi Jiwa Syariah Jasa Mitra Abadi Tbk,Financial Services,242000003072.0,189.0625,0.639669372633922,370.00,121.00,3187518.0,ID
JPFA.JK,PT Japfa Comfeed Indonesia Tbk,Consumer Defensive,22208848068608.0,4.3308697,0.6384363501933221,2970.00,1415.00,20436547.0,ID
JRPT.JK,"PT Jaya Real Property, Tbk.",Real Estate,13855708151808.0,10.340865,0.15462710335760305,1265.00,690.00,305922.0,ID
JSKY.JK,Sky Energy Indonesia Tbk.,Energy,16329698738290.0,4.4,0.32,2799.30,2398.60,57973644.0,ID
JSMR.JK,PT Jasa Marga (Persero) Tbk,Industrials,19305938812928.0,5.506562,0.30770061208381894,4180.00,2600.00,4189273.0,ID
JSPT.JK,PT Jakarta Setiabudi Internasional Tbk,Real Estate,3385354354688.0,8.904611,1.0880296916823309,6700.00,1025.00,58162.0,ID
JTPE.JK,PT Jasuindo Tiga Perkasa Tbk,Industrials,4178512969728.0,12.852665,0.40295923595537364,735.00,236.00,2555286.0,ID
KAEF.JK,PT Kimia Farma Tbk,Healthcare,2504965226496.0,18.0,0.7337738284298477,785.00,380.00,5209081.0,ID
KARW.JK,PT Meratus Jasa Prima Tbk,Industrials,160879837184.0,29.2,0.7642446971930456,1100.00,214.00,102952.0,ID
KAYU.JK,Darmi Bersaudara Tbk.,Consumer,12989198941484.0,10.9,0.17,941.30,721.60,84553796.0,ID
KBAG.JK,PT Karya Bersama Anugerah Tbk,Consumer Cyclical,278850109440.0,14.5,1.1917242670792683,68.00,28.00,13340711.0,ID
KBLI.JK,PT KMI Wire and Cable Tbk,Industrials,1298344181760.0,6.6135945,0.21088546878072695,402.00,296.00,646356.0,ID
KBLM.JK,PT Kabelindo Murni Tbk,Industrials,320320012288.0,91.90231,0.47891757674445806,476.00,260.00,98964.0,ID
KBLV.JK,PT First Media Tbk,Communication Services,177701126144.0,102.0,1.7550545518324117,334.00,51.00,11950213.0,ID
KBRI.JK,Kertas Basuki Rachmat Indonesi,Consumer,35451699315890.0,30.1,0.18,3271.20,2095.60,13005139.0,ID
KDSI.JK,PT Kedawung Setia Industrial Tbk,Consumer Cyclical,719280013312.0,2.4756892,0.18294664450341025,550.00,392.00,35762.0,ID
KEEN.JK,PT Kencana Energi Lestari Tbk,Utilities,3208023375872.0,24.386845,0.4866204412090251,1490.00,710.00,10403096.0,ID
KEJU.JK,PT Mulia Boga Raya Tbk,Consumer Defensive,3427721805824.0,19.122257,0.40499944446871383,835.00,498.00,487283.0,ID
KIAS.JK,PT Keramika Indonesia Assosiasi Tbk,Industrials,313511084032.0,31.1,0.0,22.00,17.00,0.0,ID
KICI.JK,PT Kedaung Indah Can Tbk,Consumer Cyclical,51059998720.0,2.5020287,0.6140896000361904,370.00,105.00,3376881.0,ID
KIJA.JK,PT Kawasan Industri Jababeka Tbk,Real Estate,2558010327040.0,5.788235,0.7162839935471292,364.00,105.00,105657488.0,ID
KINO.JK,PT Kino Indonesia Tbk,Consumer Defensive,1530489077760.0,11.09889,0.25528635642747954,1470.00,1010.00,30269.0,ID
KIOS.JK,PT Kioson Komersial Indonesia Tbk,Technology,92524208128.0,74.78261,1.784447196437784,290.00,50.00,20263307.0,ID
KJEN.JK,PT Krida Jaringan Nusantara Tbk,Industrials,57999998976.0,16.0,1.8155815696609034,336.00,94.00,21530901.0,ID
KKGI.JK,PT Resource Alam Indonesia Tbk,Energy,1384025423872.0,31.66109,0.8205873687353435,432.00,202.00,3892809.0,ID
KLBF.JK,PT Kalbe Farma Tbk.,Healthcare,33484156436480.0,9.284819,0.38909135688849933,1595.00,630.00,60259209.0,ID
KMDS.JK,"PT Kurniamitra Duta Sentosa, Tbk",Consumer Defensive,432000008192.0,5.922936,0.4347860025114869,750.00,500.00,182396.0,ID
KMTR.JK,PT Kirana Megatara Tbk,Consumer Cyclical,1938826461184.0,33.006992,0.6767358533082575,410.00,200.00,137484.0,ID
KOBX.JK,Kobexindo Tractors Tbk.,Consumer,30269661293311.0,14.6,0.2,1597.90,1129.60,66453104.0,ID
KOIN.JK,Kokoh Inti Arebama Tbk,Consumer,13827462669938.0,10.1,0.21,7001.90,4557.00,83318307.0,ID
KONI.JK,Perdana Bangun Pusaka Tbk,Financials,6869752654514.0,21.6,0.14,5259.50,4816.00,28525113.0,ID
KOPI.JK,Mitra Energi Persada Tbk.,Energy,27391756602948.0,8.5,0.31,755.40,512.10,65912833.0,ID
KOTA.JK,DMS Propertindo Tbk.,Consumer,7963332236593.0,26.6,0.11,8921.30,7084.40,56757752.0,ID
KPAL.JK,Steadfast Marine Tbk.,Consumer,44063084860550.0,25.7,0.13,4088.60,3282.90,42167602.0,ID
KPAS.JK,Cottonindo Ariesta Tbk.,Consumer,40982202359715.0,21.0,0.15,7984.90,5289.60,6192716.0,ID
KPIG.JK,MNC Land Tbk.,Consumer,2448478354750.0,21.2,0.19,7838.20,5612.00,7271612.0,ID
KRAH.JK,PT Grand Kartech Tbk,Technology,0.0,46.1,0.39,436.00,436.00,19733139.0,ID
KRAS.JK,Krakatau Steel (Persero) Tbk.,Consumer,23946231846247.0,31.7,0.11,2176.30,1920.60,30812058.0,ID
KREN.JK,Kresna Graha Investama Tbk.,Financials,15297403594747.0,14.3,0.2,11107.50,7899.90,63046798.0,ID
LAND.JK,Trimitra Propertindo Tbk.,Consumer,39821580416403.0,12.3,0.14,3226.40,2518.30,3116191.0,ID
LAPD.JK,Leyand International Tbk.,Consumer,12497215069819.0,26.2,0.15,3773.60,3043.10,58629794.0,ID
LCGP.JK,Eureka Prima Jakarta Tbk.,Consumer,44768847519105.0,24.0,0.16,6885.70,6373.60,8389488.0,ID
LCKM.JK,LCK Global Kedaton Tbk.,Consumer,17202862940894.0,26.0,0.18,4406.80,3137.60,18788223.0,ID
LEAD.JK,Logindo Samudramakmur Tbk.,Consumer,19890508584928.0,30.7,0.21,9208.60,7000.10,1106033.0,ID
LIFE.JK,Asuransi Jiwa Sinarmas MSIG Tb,Financials,34709846294464.0,17.9,0.13,3502.90,3176.50,27633800.0,ID
LINK.JK,Link Net Tbk.,Consumer,6232485043499.0,24.4,0.19,7881.70,6578.00,84114818.0,ID
LION.JK,Lion Metal Works Tbk.,Consumer,27878399155173.0,13.5,0.14,7630.50,6712.90,58400392.0,ID
LMAS.JK,Limas Indonesia Makmur Tbk,Consumer,10745835216208.0,10.3,0.23,4408.40,3853.70,2408074.0,ID
LMPI.JK,Langgeng Makmur Industri Tbk.,Consumer,7292393560626.0,11.7,0.22,2713.10,1956.70,50213602.0,ID
LMSH.JK,Lionmesh Prima Tbk.,Consumer,41091468269803.0,15.5,0.13,1528.60,1302.90,14053599.0,ID
LPCK.JK,Lippo Cikarang Tbk,Consumer,42682546829361.0,24.1,0.19,3014.10,2061.40,2174198.0,ID
LPGI.JK,Lippo General Insurance Tbk.,Consumer,7682188523374.0,21.0,0.22,511.80,429.50,73362312.0,ID
LPIN.JK,Multi Prima Sejahtera Tbk,Consumer,19368613026959.0,25.5,0.19,171.30,131.90,3546042.0,ID
LPKR.JK,Lippo Karawaci Tbk.,Consumer,32589096763074.0,15.8,0.12,9763.20,7161.20,12885149.0,ID
LPLI.JK,Star Pacific Tbk,Consumer,35810906489118.0,27.4,0.15,3294.00,2607.20,63205102.0,ID
LPPF.JK,Matahari Department Store Tbk.,Consumer,27104585660953.0,25.5,0.18,6447.20,5752.10,17326949.0,ID
LPPS.JK,Lenox Pasifik Investama Tbk.,Financials,44563542577274.0,13.4,0.16,849.90,578.80,31998702.0,ID
LRNA.JK,Eka Sari Lorena Transport Tbk.,Consumer,11031210371415.0,25.9,0.16,5654.80,4352.60,16791581.0,ID
LSIP.JK,PP London Sumatra Indonesia Tb,Consumer,39310694028032.0,29.8,0.11,9415.50,6476.40,76708233.0,ID
LTLS.JK,Lautan Luas Tbk.,Consumer,39942339675970.0,31.4,0.14,5893.50,4761.00,76855474.0,ID
LUCK.JK,Sentral Mitra Informatika Tbk.,Consumer,40628888437596.0,30.9,0.17,4262.80,2733.50,64600769.0,ID
MABA.JK,Marga Abhinaya Abadi Tbk.,Consumer,30877700870425.0,18.4,0.21,10505.90,7538.80,54361542.0,ID
MAGP.JK,Multi Agro Gemilang Plantation,Consumer,35601830863464.0,29.8,0.12,1334.40,1058.70,41365008.0,ID
MAIN.JK,Malindo Feedmill Tbk.,Consumer,5694433209880.0,17.7,0.2,6551.20,5674.80,22881075.0,ID
MAMI.JK,Mas Murni Indonesia Tbk,Consumer,21684830367040.0,12.0,0.12,1118.10,986.90,11326007.0,ID
MAPA.JK,Map Aktif Adiperkasa Tbk.,Consumer,42046181408137.0,27.9,0.14,2336.20,1785.40,69815269.0,ID
MAPB.JK,MAP Boga Adiperkasa Tbk.,Consumer,41236975614741.0,15.9,0.2,3189.50,2934.50,77040299.0,ID
MAPI.JK,Mitra Adiperkasa Tbk.,Consumer,35007761694152.0,19.4,0.23,6543.30,5863.40,37405557.0,ID
MARI.JK,Mahaka Radio Integra Tbk.,Consumer,36962117383175.0,14.3,0.11,4582.10,2975.40,56133709.0,ID
MARK.JK,Mark Dynamics Indonesia Tbk.,Consumer,2625991598812.0,11.7,0.15,3480.20,2557.20,10336270.0,ID
MASA.JK,Multistrada Arah Sarana Tbk.,Consumer,29713967465230.0,24.4,0.17,1936.20,1323.00,35693287.0,ID
MAYA.JK,Bank Mayapada Internasional Tb,Financials,13659253067491.0,21.3,0.2,4897.40,3098.40,73529223.0,ID
MBAP.JK,Mitrabara Adiperdana Tbk.,Financials,32015706914885.0,13.2,0.16,2507.50,2137.00,29402574.0,ID
MBSS.JK,Mitrabahtera Segara Sejati Tbk,Consumer,15743353518849.0,31.2,0.16,7554.20,4973.90,50616305.0,ID
MBTO.JK,Martina Berto Tbk.,Consumer,23857214337885.0,27.1,0.11,11587.40,7954.70,6846048.0,ID
MCAS.JK,M Cash Integrasi Tbk.,Consumer,26507927071891.0,14.3,0.22,3179.20,2034.70,24359657.0,ID
MCOR.JK,Bank China Construction Bank I,Financials,13877668797086.0,16.5,0.21,4216.90,2879.40,64256861.0,ID
MDIA.JK,Intermedia Capital Tbk.,Financials,36728318538677.0,21.2,0.13,2637.10,1809.10,11196882.0,ID
MDKA.JK,Merdeka Copper Gold Tbk.,Consumer,8919593532249.0,25.4,0.18,3600.00,2941.70,57110283.0,ID
MDKI.JK,Emdeki Utama Tbk.,Consumer,18525250182026.0,27.0,0.14,10286.00,7174.90,71123522.0,ID
MDLN.JK,Modernland Realty Tbk.,Consumer,27918145264113.0,25.2,0.16,5249.30,3763.90,23275663.0,ID
MDRN.JK,Modern Internasional Tbk.,Consumer,8837635026596.0,16.8,0.1,9006.70,6196.50,83577126.0,ID
MEDC.JK,Medco Energi Internasional Tbk,Energy,20077524194336.0,10.0,0.25,976.60,721.30,81709838.0,ID
MEGA.JK,Bank Mega Tbk.,Financials,24044174366684.0,17.1,0.2,6934.80,5668.50,65906770.0,ID
MERK.JK,Merck Tbk.,Consumer,38907800931700.0,10.6,0.12,2449.10,1956.20,60726521.0,ID
META.JK,Nusantara Infrastructure Tbk.,Consumer,23313203702832.0,30.2,0.23,5769.50,4589.90,9606221.0,ID
MFIN.JK,Mandala Multifinance Tbk.,Financials,14054957060182.0,18.9,0.15,2904.30,1882.70,82777576.0,ID
MFMI.JK,Multifiling Mitra Indonesia Tb,Consumer,31447180138514.0,25.4,0.19,5861.20,4221.30,49566770.0,ID
MGNA.JK,Magna Investama Mandiri Tbk.,Financials,39073971542988.0,17.3,0.11,5553.20,4615.70,65459700.0,ID
MGRO.JK,Mahkota Group Tbk.,Consumer,41811656003346.0,17.6,0.17,6822.90,4958.40,71908259.0,ID
MICE.JK,Multi Indocitra Tbk.,Consumer,33973246281958.0,27.3,0.16,9243.80,7095.00,17374474.0,ID
MIDI.JK,Midi Utama Indonesia Tbk.,Consumer,5932974886728.0,30.3,0.18,2916.30,2163.00,51924093.0,ID
MIKA.JK,Mitra Keluarga Karyasehat Tbk.,Consumer,43015371240483.0,13.8,0.14,3824.80,2654.50,30497547.0,ID
MINA.JK,Sanurhasta Mitra Tbk.,Consumer,5139671585947.0,23.0,0.13,5907.90,5020.70,67891010.0,ID
MIRA.JK,Mitra International Resources,Consumer,28261782171676.0,31.3,0.24,5016.90,4212.80,48553829.0,ID
MITI.JK,Mitra Investindo Tbk.,Consumer,16478470871034.0,31.1,0.23,1356.00,1184.50,35090501.0,ID
MKNT.JK,Mitra Komunikasi Nusantara Tbk,Technology,24881963887869.0,61.7,0.5,3899.80,2593.00,18607916.0,ID
MKPI.JK,Metropolitan Kentjana Tbk.,Consumer,42318911219097.0,26.0,0.24,6404.30,4278.40,51808117.0,ID
MLBI.JK,Multi Bintang Indonesia Tbk.,Consumer,42522400479463.0,13.6,0.18,4495.00,3278.30,69722801.0,ID
MLIA.JK,Mulia Industrindo Tbk,Consumer,36454528170583.0,20.3,0.11,3335.90,2661.30,48373017.0,ID
MLPL.JK,Multipolar Tbk.,Consumer,375737668115.0,16.9,0.21,6775.60,5524.60,30287092.0,ID
MLPT.JK,PT Multipolar Technology Tbk,Technology,37500001189888.0,123.45679,1.4092724079420502,257875.00,12000.00,70720.0,ID
MMLP.JK,Mega Manunggal Property Tbk.,Consumer,26471733962001.0,13.8,0.19,8319.60,5662.50,31127293.0,ID
MNCN.JK,PT. Media Nusantara Citra Tbk,Communication Services,2909975609344.0,2.293578,0.3268765053634964,316.00,196.00,38042998.0,ID
MOLI.JK,Madusari Murni Indah Tbk.,Consumer,29144276759307.0,21.9,0.19,890.90,635.60,37117849.0,ID
MPMX.JK,Mitra Pinasthika Mustika Tbk.,Consumer,26194895241434.0,26.4,0.22,5693.50,4554.60,5036479.0,ID
MPOW.JK,Megapower Makmur Tbk.,Energy,38143770708595.0,6.4,0.25,2603.10,2126.10,15359153.0,ID
MPPA.JK,Matahari Putra Prima Tbk.,Consumer,16944404198198.0,19.3,0.12,8184.40,5925.80,29449088.0,ID
MPRO.JK,Maha Properti Indonesia Tbk.,Consumer,22981654883974.0,19.5,0.14,2041.70,1832.10,33336590.0,ID
MRAT.JK,Mustika Ratu Tbk.,Consumer,39690525828859.0,17.3,0.11,6200.70,4605.10,36747753.0,ID
MREI.JK,Maskapai Reasuransi Indonesia,Financials,2591336912247.0,15.8,0.17,5895.10,3977.60,45784997.0,ID
MSIN.JK,MNC Studios International Tbk.,Consumer,11889104560796.0,26.6,0.12,2085.50,1361.10,17438455.0,ID
MSKY.JK,MNC Sky Vision Tbk.,Consumer,35110894970388.0,12.6,0.12,5991.10,4185.80,26234592.0,ID
MTDL.JK,PT Metrodata Electronics Tbk,Technology,6568133263360.0,8.103605,0.37659045954323445,685.00,484.00,2499922.0,ID
MTFN.JK,Capitalinc Investment Tbk.,Financials,27777639167638.0,18.3,0.16,6017.20,5545.10,30443985.0,ID
MTLA.JK,Metropolitan Land Tbk.,Consumer,23526992286295.0,26.2,0.19,2655.10,1794.30,19834688.0,ID
MTPS.JK,Meta Epsi Tbk.,Consumer,28994911332171.0,21.3,0.19,5376.70,4854.80,55129141.0,ID
MTRA.JK,Mitra Pemuda Tbk.,Consumer,35956337156363.0,23.2,0.19,4197.20,3019.50,156272.0,ID
MTSM.JK,Metro Realty Tbk.,Consumer,19319299194668.0,26.1,0.1,3735.70,2753.70,26831564.0,ID
MTWI.JK,Malacca Trust Wuwungan Insuran,Consumer,38364083785558.0,25.5,0.2,7775.30,6626.70,5034941.0,ID
MYOH.JK,Samindo Resources Tbk.,Consumer,22388105347040.0,19.8,0.13,3461.80,2382.20,54706941.0,ID
MYOR.JK,Mayora Indah Tbk.,Consumer,33797023177354.0,30.8,0.14,5179.00,3438.70,43004144.0,ID
MYRX.JK,Hanson International Tbk.,Consumer,15430905728003.0,11.0,0.22,4602.60,4126.60,35280676.0,ID
MYTX.JK,Asia Pacific Investama Tbk.,Financials,5884215854992.0,9.7,0.14,5365.50,3677.60,14659566.0,ID
NASA.JK,Andalan Perkasa Abadi Tbk.,Consumer,18868175936762.0,25.3,0.14,5152.50,4010.30,67211656.0,ID
NATO.JK,Surya Permata Andalan Tbk.,Consumer,28519510368508.0,26.5,0.23,6396.50,4497.20,38937549.0,ID
NELY.JK,Pelayaran Nelly Dwi Putri Tbk.,Consumer,8864152086181.0,17.9,0.17,4604.00,3430.00,6854942.0,ID
NFCX.JK,NFC Indonesia Tbk.,Consumer,29899218163915.0,20.7,0.15,2740.90,2448.10,58798667.0,ID
NICK.JK,Charnic Capital Tbk.,Financials,4702455969493.0,20.6,0.14,553.80,434.80,51158239.0,ID
NIKL.JK,Pelat Timah Nusantara Tbk.,Consumer,14102177368477.0,22.4,0.21,6834.90,4567.40,48883011.0,ID
NIPS.JK,Nipress Tbk.,Consumer,25296076581171.0,30.9,0.19,7100.00,4698.60,31506779.0,ID
NIRO.JK,City Retail Developments Tbk.,Consumer,17928217254599.0,21.7,0.2,534.00,424.10,74233534.0,ID
NISP.JK,Bank OCBC NISP Tbk.,Financials,7454128750481.0,14.8,0.21,7143.80,5148.00,42361981.0,ID
NOBU.JK,Bank Nationalnobu Tbk.,Financials,29162193295624.0,20.4,0.21,11081.80,7741.00,30221115.0,ID
NRCA.JK,Nusa Raya Cipta Tbk.,Consumer,18290342634148.0,23.1,0.18,626.10,551.20,46396220.0,ID
NUSA.JK,Sinergi Megah Internusa Tbk.,Consumer,27467783308344.0,17.6,0.16,6789.80,4639.10,23786584.0,ID
NZIA.JK,Nusantara Almazia Tbk.,Consumer,26791578942875.0,19.1,0.15,1773.60,1343.70,60218067.0,ID
OASA.JK,PT Maharaksa Biru Energi Tbk,Utilities,1688360452096.0,56.0,1.1292842963027394,590.00,141.00,81326507.0,ID
OCAP.JK,Onix Capital Tbk.,Financials,10418306225481.0,11.8,0.12,3159.40,2921.10,25662322.0,ID
OKAS.JK,Ancora Indonesia Resources Tbk,Consumer,21134832570340.0,30.8,0.12,2230.00,1553.30,83105566.0,ID
OMRE.JK,Indonesia Prima Property Tbk,Consumer,40206254543425.0,15.2,0.15,5758.30,4314.50,30791690.0,ID
OPMS.JK,Optima Prima Metal Sinergi Tbk,Consumer,21457136240841.0,16.0,0.12,700.10,447.00,14322490.0,ID
PADI.JK,Minna Padi Investama Sekuritas,Financials,31098482285390.0,17.0,0.15,7602.20,6770.90,81342311.0,ID
PALM.JK,Provident Agro Tbk.,Consumer,35553536476664.0,16.8,0.2,6985.00,5748.70,8867156.0,ID
PAMG.JK,Bima Sakti Pertiwi Tbk.,Consumer,17738741300679.0,19.2,0.15,9251.90,6434.90,60399050.0,ID
PANI.JK,Pratama Abadi Nusa Industri Tb,Consumer,7731485968916.0,20.7,0.2,9285.00,5935.10,22236273.0,ID
PANR.JK,Panorama Sentrawisata Tbk.,Consumer,42202394081376.0,17.7,0.16,4643.50,2902.50,44909800.0,ID
PANS.JK,Panin Sekuritas Tbk.,Consumer,38006794589038.0,13.8,0.13,2723.90,1815.70,78798993.0,ID
PBID.JK,Panca Budi Idaman Tbk.,Consumer,14040739148598.0,11.5,0.14,1588.50,1014.60,50408622.0,ID
PBRX.JK,Pan Brothers Tbk.,Consumer,202774563276.0,16.8,0.11,7918.40,5273.60,5375744.0,ID
PBSA.JK,Paramita Bangun Sarana Tbk.,Consumer,5616926589829.0,10.9,0.15,6157.40,4695.50,64059405.0,ID
PCAR.JK,Prima Cakrawala Abadi Tbk.,Consumer,36882111580590.0,17.7,0.2,10079.70,6304.70,5286685.0,ID
PDES.JK,PT Destinasi Tirta Nusantara Tbk,Consumer Cyclical,348919988224.0,13.6,0.24673608341491124,700.00,400.00,125122.0,ID
PEGE.JK,Panca Global Kapital Tbk.,Consumer,18865132116800.0,10.6,0.13,6629.60,4926.90,11886857.0,ID
PEHA.JK,Phapros Tbk.,Consumer,20255875896592.0,21.2,0.1,5233.50,4790.80,15200557.0,ID
PGAS.JK,Perusahaan Gas Negara Tbk.,Energy,24803033914715.0,7.5,0.28,7545.60,5967.00,1635017.0,ID
PGJO.JK,Tourindo Guide Indonesia Tbk.,Consumer,11567197248055.0,15.5,0.14,2859.90,1930.50,58343582.0,ID
PGLI.JK,Pembangunan Graha Lestari Inda,Consumer,43143122504781.0,24.5,0.19,3294.90,2439.90,13282254.0,ID
PGUN.JK,Pradiksi Gunatama Tbk.,Consumer,23357447154513.0,10.8,0.22,9344.30,6235.80,61414822.0,ID
PICO.JK,Pelangi Indah Canindo Tbk,Consumer,1922022813001.0,25.8,0.11,129.00,116.70,43565389.0,ID
PJAA.JK,Pembangunan Jaya Ancol Tbk.,Consumer,7536232907769.0,31.9,0.1,10805.80,7083.80,50914823.0,ID
PKPK.JK,Perdana Karya Perkasa Tbk,Financials,16407184585411.0,18.9,0.21,11919.40,7971.40,26539399.0,ID
PLAN.JK,Planet Properindo Jaya Tbk.,Consumer,22630935415017.0,31.0,0.19,7106.00,4761.90,70031185.0,ID
PLAS.JK,Polaris Investama Tbk,Financials,15953152376005.0,15.9,0.17,4846.30,3174.50,1138642.0,ID
PLIN.JK,Plaza Indonesia Realty Tbk.,Consumer,15687077506314.0,14.8,0.21,8842.10,7118.70,2001714.0,ID
PMJS.JK,Putra Mandiri Jembar Tbk.,Consumer,16798243261326.0,25.9,0.11,11385.90,7528.70,18598230.0,ID
PMMP.JK,Panca Mitra Multiperdana Tbk.,Financials,8535540881582.0,12.9,0.12,5780.20,5249.50,45775933.0,ID
PNBN.JK,Bank Pan Indonesia Tbk,Financials,29058425729949.0,12.7,0.22,7976.40,5415.40,17007610.0,ID
PNBS.JK,Bank Panin Dubai Syariah Tbk.,Financials,36144891122039.0,13.8,0.19,10252.30,7702.20,8832106.0,ID
PNGO.JK,Pinago Utama Tbk.,Consumer,24503203708846.0,27.9,0.17,11416.70,7328.00,77868313.0,ID
PNIN.JK,Paninvest Tbk.,Consumer,20381667848977.0,30.9,0.15,3187.50,2428.00,32629776.0,ID
PNLF.JK,Panin Financial Tbk.,Consumer,6161413213615.0,24.3,0.18,5960.40,4169.70,13675529.0,ID
PNSE.JK,Pudjiadi & Sons Tbk.,Consumer,3113633803055.0,16.2,0.1,3953.70,3289.10,83268459.0,ID
POLA.JK,Pool Advista Finance Tbk.,Financials,31525385040506.0,10.7,0.21,9117.90,5983.60,2619634.0,ID
POLI.JK,Pollux Investasi Internasional,Consumer,3429841272672.0,14.2,0.14,4993.40,4070.20,22242913.0,ID
POLL.JK,Pollux Properti Indonesia Tbk.,Consumer,115422163860.0,12.0,0.11,8998.50,5996.60,73217787.0,ID
POLU.JK,Golden Flower Tbk.,Consumer,42780757875431.0,25.0,0.22,4474.30,3315.40,46749406.0,ID
POLY.JK,Asia Pacific Fibers Tbk,Consumer,22819962157341.0,16.4,0.21,9304.10,7035.20,61261581.0,ID
POOL.JK,Pool Advista Indonesia Tbk.,Consumer,16850390546580.0,21.2,0.12,3619.90,2462.40,62909513.0,ID
PORT.JK,Nusantara Pelabuhan Handal Tbk,Consumer,18777202521916.0,14.0,0.14,3625.50,3227.60,48186735.0,ID
POSA.JK,Bliss Properti Indonesia Tbk.,Consumer,36891826986092.0,20.6,0.12,10577.00,7944.00,65423147.0,ID
POWR.JK,Cikarang Listrindo Tbk.,Consumer,19987951891430.0,31.1,0.17,1145.60,895.60,1242722.0,ID
PPGL.JK,Prima Globalindo Logistik Tbk.,Consumer,5265864201531.0,25.3,0.1,5502.40,4051.80,19740705.0,ID
PPRE.JK,PP Presisi Tbk.,Consumer,38643277341054.0,14.0,0.11,12474.00,7903.30,952968.0,ID
PPRO.JK,PP Properti Tbk.,Consumer,22762973778824.0,13.4,0.12,3693.50,3128.00,10012923.0,ID
PRAS.JK,Prima Alloy Steel Universal Tb,Consumer,2703106723290.0,26.3,0.24,7602.70,5583.10,70696415.0,ID
PRDA.JK,Prodia Widyahusada Tbk.,Consumer,5949792787832.0,22.1,0.23,9442.00,6067.20,79095494.0,ID
PRIM.JK,Royal Prima Tbk.,Consumer,34641054847140.0,26.6,0.2,10838.80,6850.90,54682056.0,ID
PSAB.JK,J Resources Asia Pasifik Tbk.,Consumer,4349354306208.0,25.1,0.14,6148.30,5619.10,84005772.0,ID
PSDN.JK,Prasidha Aneka Niaga Tbk,Consumer,27180481830956.0,12.7,0.18,3588.70,3298.70,29827908.0,ID
PSGO.JK,Palma Serasih Tbk.,Consumer,33664241833256.0,27.9,0.24,1614.20,1241.50,71563079.0,ID
PSKT.JK,Red Planet Indonesia Tbk.,Consumer,42125521975354.0,13.7,0.23,2548.80,1954.10,51554146.0,ID
PSSI.JK,Pelita Samudera Shipping Tbk.,Consumer,44043294349574.0,17.4,0.18,6601.90,4314.60,10725529.0,ID
PTBA.JK,Bukit Asam Tbk.,Consumer,26978317673472.0,30.0,0.24,8931.90,6577.80,46065483.0,ID
PTDU.JK,Djasa Ubersakti Tbk.,Consumer,27548009876936.0,30.0,0.18,5218.80,3355.00,14741386.0,ID
PTIS.JK,Indo Straits Tbk.,Consumer,14863415873904.0,27.3,0.16,3810.30,2611.80,65733476.0,ID
PTPP.JK,PP (Persero) Tbk.,Consumer,7273540740599.0,23.2,0.12,2809.00,2020.20,20981362.0,ID
PTPW.JK,Pratama Widya Tbk.,Consumer,28769493755838.0,23.9,0.12,6365.40,4137.80,23817344.0,ID
PTRO.JK,Petrosea Tbk.,Consumer,6391925579361.0,18.5,0.13,7966.10,6206.50,23082800.0,ID
PTSN.JK,PT Sat Nusapersada Tbk,Technology,1243556478976.0,4.4520545,0.6859777850511642,550.00,200.00,967807.0,ID
PTSP.JK,Pioneerindo Gourmet Internatio,Consumer,11156391842343.0,24.8,0.2,6959.70,5132.90,32430982.0,ID
PUDP.JK,Pudjiadi Prestige Tbk.,Consumer,39708190615499.0,12.6,0.22,3198.90,2685.30,76159297.0,ID
PURA.JK,Putra Rajawali Kencana Tbk.,Consumer,36532992716197.0,15.1,0.22,5647.40,3908.00,31962992.0,ID
PURE.JK,Trinitan Metals and Minerals T,Consumer,26563376024323.0,16.5,0.21,8728.70,6444.00,2112269.0,ID
PURI.JK,Puri Global Sukses Tbk.,Consumer,2399273063688.0,26.5,0.13,1164.80,831.30,12620354.0,ID
PWON.JK,Pakuwon Jati Tbk.,Consumer,19529788599997.0,16.9,0.21,6807.90,5671.00,28710226.0,ID
PYFA.JK,Pyridam Farma Tbk,Healthcare,19492655279300.0,26.3,0.18,5189.50,3658.00,15596894.0,ID
PZZA.JK,Sarimelati Kencana Tbk.,Consumer,37759590108091.0,20.4,0.19,3286.10,2876.20,29460239.0,ID
RAJA.JK,Rukun Raharja Tbk.,Consumer,30372812523173.0,18.6,0.14,3690.10,2442.80,41674989.0,ID
RALS.JK,Ramayana Lestari Sentosa Tbk.,Consumer,43861921552974.0,12.4,0.15,907.80,798.50,84306486.0,ID
RANC.JK,Supra Boga Lestari Tbk.,Consumer,25746269416326.0,20.5,0.24,6432.00,4351.70,84941519.0,ID
RBMS.JK,Ristia Bintang Mahkotasejati T,Consumer,2155043751246.0,25.7,0.18,9904.60,7217.60,69899967.0,ID
RDTX.JK,Roda Vivatex Tbk,Consumer,39061587640682.0,28.5,0.21,1693.90,1392.20,75899219.0,ID
REAL.JK,Repower Asia Indonesia Tbk.,Energy,42421705404114.0,10.3,0.28,9513.20,7627.10,46903226.0,ID
RELI.JK,Reliance Sekuritas Indonesia T,Consumer,30213915312732.0,10.2,0.19,9326.90,6472.20,40425470.0,ID
RICY.JK,Ricky Putra Globalindo Tbk,Consumer,30243042838326.0,19.1,0.23,8628.00,6621.30,20864671.0,ID
RIGS.JK,Rig Tenders Indonesia Tbk.,Consumer,44835846490360.0,10.3,0.22,6763.00,4851.20,8476031.0,ID
RIMO.JK,Rimo International Lestari Tbk,Consumer,14279014183338.0,30.0,0.21,7733.40,5769.30,14782517.0,ID
RISE.JK,Jaya Sukses Makmur Sentosa Tbk,Consumer,7090490814939.0,15.7,0.23,6007.80,4038.20,84992324.0,ID
RMBA.JK,Bentoel Internasional Investam,Consumer,31193631769386.0,18.7,0.14,4965.00,3416.90,23108733.0,ID
ROCK.JK,Rockfields Properti Indonesia,Consumer,31942209436510.0,15.6,0.16,6110.50,5552.40,61383974.0,ID
RODA.JK,Pikko Land Development Tbk.,Consumer,22218277760677.0,23.9,0.14,7080.10,4738.50,22166993.0,ID
RONY.JK,Aesler Grup Internasional Tbk.,Consumer,10743273786424.0,29.8,0.19,336.40,292.90,16319267.0,ID
ROTI.JK,Nippon Indosari Corpindo Tbk.,Consumer,43970318065733.0,22.0,0.15,9355.70,6482.40,65382869.0,ID
RUIS.JK,Radiant Utama Interinsco Tbk.,Consumer,5270713972954.0,12.4,0.17,4878.30,3839.60,84154252.0,ID
SAFE.JK,Steady Safe Tbk,Consumer,21354092860344.0,30.6,0.18,9673.90,6762.10,18280494.0,ID
SAME.JK,Sarana Meditama Metropolitan T,Consumer,43033382478840.0,23.5,0.12,9808.00,6428.10,14540478.0,ID
SAMF.JK,Saraswanti Anugerah Makmur Tbk,Consumer,42467841395071.0,22.2,0.1,5915.20,4754.70,34291096.0,ID
SAPX.JK,Satria Antaran Prima Tbk.,Consumer,34000577363762.0,24.7,0.2,6544.70,5919.40,43489824.0,ID
SATU.JK,Kota Satu Properti Tbk.,Consumer,19230569130238.0,16.9,0.14,3515.90,2572.70,62691245.0,ID
SBAT.JK,Sejahtera Bintang Abadi Textil,Consumer,3149747418606.0,16.5,0.23,2882.00,2159.30,30880563.0,ID
SCCO.JK,Supreme Cable Manufacturing &,Consumer,33351994376700.0,10.7,0.19,9098.80,6947.00,29052227.0,ID
SCMA.JK,Surya Citra Media Tbk.,Technology,41529101940117.0,41.8,0.37,2974.30,2170.30,58736398.0,ID
SCNP.JK,Selaras Citra Nusantara Perkas,Consumer,44544470819458.0,20.0,0.13,766.50,564.50,64769034.0,ID
SCPI.JK,Merck Sharp Dohme Pharma Tbk.,Consumer,8487421398593.0,30.1,0.22,7351.40,6281.80,53654274.0,ID
SDMU.JK,Sidomulyo Selaras Tbk.,Consumer,37028354498825.0,26.9,0.14,12291.10,7945.70,2312256.0,ID
SDPC.JK,Millennium Pharmacon Internati,Consumer,13413277496784.0,27.6,0.1,11860.10,7754.50,73077780.0,ID
SDRA.JK,Bank Woori Saudara Indonesia 1,Financials,30097224533333.0,8.8,0.22,2168.70,1429.20,45923512.0,ID
SFAN.JK,Surya Fajar Capital Tbk.,Financials,40399043296710.0,9.2,0.15,2189.00,1716.70,19737113.0,ID
SGER.JK,Sumber Global Energy Tbk.,Energy,15079098950144.0,4.7,0.37,9297.30,6278.90,39431478.0,ID
SGRO.JK,Sampoerna Agro Tbk.,Consumer,26120888587494.0,29.3,0.13,4911.60,3146.10,14452288.0,ID
SHID.JK,Hotel Sahid Jaya International,Consumer,28542008539304.0,15.7,0.2,8152.30,5698.00,70952798.0,ID
SHIP.JK,Sillo Maritime Perdana Tbk.,Financials,22948646923889.0,11.9,0.19,5773.20,3936.00,57065617.0,ID
SIDO.JK,Industri Jamu dan Farmasi Sido,Healthcare,33095058909632.0,17.5,0.17,5062.60,3189.40,81491832.0,ID
SILO.JK,Siloam International Hospitals,Healthcare,12594285271965.0,29.5,0.14,4140.80,2822.30,57321433.0,ID
SIMA.JK,Siwani Makmur Tbk,Consumer,18126575487272.0,24.9,0.17,6716.10,4940.80,40004693.0,ID
SIMP.JK,Salim Ivomas Pratama Tbk.,Consumer,39318876299821.0,26.3,0.16,10976.70,6956.30,30765469.0,ID
SINI.JK,Singaraja Putra Tbk.,Consumer,17017382486174.0,31.4,0.24,12087.90,7956.80,59460376.0,ID
SIPD.JK,Sreeya Sewu Indonesia Tbk.,Consumer,12350498377816.0,18.2,0.12,1192.40,930.90,83756668.0,ID
SKBM.JK,Sekar Bumi Tbk.,Consumer,44715591738305.0,26.9,0.13,1203.30,809.90,19379906.0,ID
SKLT.JK,Sekar Laut Tbk.,Consumer,12522675285388.0,28.3,0.21,1136.90,739.00,61964650.0,ID
SKRN.JK,Superkrane Mitra Utama Tbk.,Consumer,33308923560631.0,24.1,0.11,6179.80,5428.90,13084556.0,ID
SKYB.JK,Northcliff Citranusa Indonesia,Consumer,38147693033847.0,26.2,0.14,2425.20,1651.20,13852751.0,ID
SLIS.JK,Gaya Abadi Sempurna Tbk.,Consumer,34564307796560.0,26.8,0.12,8841.80,7554.10,18321300.0,ID
SMAR.JK,Smart Tbk.,Consumer,16538961911289.0,15.8,0.2,7307.10,4636.70,66453451.0,ID
SMBR.JK,Semen Baturaja (Persero) Tbk.,Consumer,31229298849877.0,21.1,0.18,5452.40,4112.50,70706099.0,ID
SMCB.JK,Solusi Bangun Indonesia Tbk.,Consumer,18567922479289.0,27.6,0.23,6816.30,6262.00,7142368.0,ID
SMDM.JK,Suryamas Dutamakmur Tbk.,Consumer,8999192938764.0,26.9,0.13,7073.30,5170.20,52779128.0,ID
SMDR.JK,Samudera Indonesia Tbk.,Consumer,13515568525743.0,12.1,0.14,1434.10,1002.40,3725616.0,ID
SMGR.JK,Semen Indonesia (Persero) Tbk.,Consumer,26239397472752.0,30.9,0.11,7607.10,5554.10,1950860.0,ID
SMKL.JK,Satyamitra Kemas Lestari Tbk.,Consumer,30802152043252.0,21.3,0.21,8641.50,6515.00,48724990.0,ID
SMMA.JK,Sinarmas Multiartha Tbk.,Consumer,32340218472674.0,18.4,0.14,6884.50,4514.90,50440663.0,ID
SMMT.JK,Golden Eagle Energy Tbk.,Energy,19093210500220.0,11.7,0.29,3303.90,2111.90,12734748.0,ID
SMRA.JK,Summarecon Agung Tbk.,Consumer,44863626643905.0,22.4,0.24,5928.10,4083.90,19728057.0,ID
SMRU.JK,SMR Utama Tbk.,Consumer,3446606540608.0,17.3,0.12,2765.40,2000.70,34284244.0,ID
SMSM.JK,Selamat Sempurna Tbk.,Consumer,13362871655518.0,27.3,0.21,1800.50,1191.40,61336724.0,ID
SOCI.JK,Soechi Lines Tbk.,Consumer,14962912758129.0,23.3,0.23,2227.60,1865.30,65904058.0,ID
SOFA.JK,Boston Furniture Industries Tb,Consumer,24662149939260.0,10.1,0.2,11018.00,7742.10,63003879.0,ID
SOHO.JK,Soho Global Health Tbk.,Healthcare,6965964859927.0,39.5,0.2,8451.30,6291.30,79757036.0,ID
SONA.JK,Sona Topas Tourism Industry Tb,Consumer,5573933957909.0,27.3,0.14,2553.40,1999.70,19795099.0,ID
SOSS.JK,Shield On Service Tbk.,Consumer,38639121770828.0,26.3,0.11,6931.10,5061.50,35455881.0,ID
SOTS.JK,Satria Mega Kencana Tbk.,Consumer,41750531080201.0,26.4,0.11,9225.70,6938.30,22304139.0,ID
SPMA.JK,Suparma Tbk.,Consumer,31932333043101.0,20.4,0.21,288.70,241.70,11411964.0,ID
SPTO.JK,Surya Pertiwi Tbk.,Consumer,32931509839223.0,26.6,0.24,8026.50,5609.50,7735716.0,ID
SQMI.JK,Wilton Makmur Indonesia Tbk.,Consumer,36162938562561.0,11.1,0.18,5878.30,5079.60,35773964.0,ID
SRAJ.JK,Sejahteraraya Anugrahjaya Tbk.,Consumer,28420023878467.0,30.5,0.16,6102.50,5184.20,77830053.0,ID
SRIL.JK,Sri Rejeki Isman Tbk.,Consumer,15876668282319.0,27.0,0.16,3772.40,3432.40,33029330.0,ID
SRSN.JK,PT Indo Acidatama Tbk,Basic Materials,391299989504.0,4.054897,0.5425684586347131,83.00,50.00,85682349.0,ID
SRTG.JK,Saratoga Investama Sedaya Tbk.,Financials,35923126023845.0,20.9,0.12,10363.90,7987.10,70518653.0,ID
SSIA.JK,Surya Semesta Internusa Tbk.,Consumer,33695602334042.0,14.8,0.21,1284.60,882.70,44555318.0,ID
SSMS.JK,Sawit Sumbermas Sarana Tbk.,Consumer,4459570578422.0,27.7,0.13,7900.30,5366.00,19562769.0,ID
SSTM.JK,Sunson Textile Manufacture Tbk,Consumer,38700800468527.0,15.5,0.13,1563.40,1025.00,26648593.0,ID
STAR.JK,Buana Artha Anugerah Tbk.,Consumer,17383152886320.0,30.9,0.21,8118.60,6218.30,36958235.0,ID
STTP.JK,Siantar Top Tbk.,Consumer,10691801486152.0,16.4,0.18,5828.40,4666.00,33020515.0,ID
SUGI.JK,Sugih Energy Tbk.,Energy,28854114684865.0,12.8,0.29,9904.60,7392.50,66322320.0,ID
SULI.JK,PT SLJ Global Tbk,Basic Materials,493020577792.0,29.3,0.548552145782323,226.00,68.00,4104733.0,ID
SUPR.JK,Solusi Tunas Pratama Tbk.,Consumer,27040985595095.0,19.3,0.15,6388.20,4386.50,43498191.0,ID
SURE.JK,Super Energy Tbk.,Energy,31833168806841.0,10.9,0.23,7570.20,6138.50,27226094.0,ID
SWAT.JK,Sriwahana Adityakarta Tbk.,Consumer,37249164660804.0,10.8,0.23,6810.70,4985.00,83718853.0,ID
TALF.JK,Tunas Alfin Tbk.,Consumer,22289329913896.0,27.0,0.18,5002.40,3918.80,64018203.0,ID
TAMA.JK,Lancartama Sejati Tbk.,Consumer,32155757037920.0,30.2,0.19,3733.00,2956.20,38636858.0,ID
TAMU.JK,Pelayaran Tamarin Samudra Tbk.,Consumer,9171906359708.0,19.8,0.21,9055.30,7103.20,72490302.0,ID
TARA.JK,Agung Semesta Sejahtera Tbk.,Consumer,1941392414733.0,10.9,0.21,129.50,90.40,63519113.0,ID
TAXI.JK,Express Transindo Utama Tbk.,Consumer,17214813990219.0,23.2,0.12,8444.00,6948.30,38701995.0,ID
TBIG.JK,Tower Bersama Infrastructure T,Consumer,12259986949652.0,17.8,0.12,5192.40,4026.00,74721690.0,ID
TBLA.JK,Tunas Baru Lampung Tbk.,Consumer,8961786170779.0,16.3,0.15,5560.40,3689.70,17332523.0,ID
TBMS.JK,Tembaga Mulia Semanan Tbk.,Consumer,12117028527830.0,23.0,0.11,594.20,446.00,6694253.0,ID
TCID.JK,Mandom Indonesia Tbk.,Consumer,33498264837846.0,10.7,0.12,1259.50,935.80,26929691.0,ID
TCPI.JK,Transcoal Pacific Tbk.,Energy,39406682660145.0,9.4,0.36,4938.70,4450.30,68160482.0,ID
TDPM.JK,Tridomain Performance Material,Consumer,17029105862330.0,22.4,0.11,5005.40,3546.80,29295866.0,ID
TEBE.JK,Dana Brata Luhur Tbk.,Financials,43338282921247.0,11.7,0.2,6959.90,4844.30,82542817.0,ID
TECH.JK,PT Indosterling Technomedia TBK,Technology,62815002624.0,49.019608,0.0,50.00,50.00,15504830.0,ID
TELE.JK,Tiphone Mobile Indonesia Tbk.,Consumer,40570239081051.0,17.8,0.12,2501.20,2189.30,75554492.0,ID
TFAS.JK,Telefast Indonesia Tbk.,Consumer,12279802088126.0,17.0,0.2,758.00,486.10,61524915.0,ID
TFCO.JK,Tifico Fiber Indonesia Tbk.,Consumer,25594772414456.0,19.0,0.11,10286.80,7340.00,31098051.0,ID
TGKA.JK,Tigaraksa Satria Tbk.,Consumer,34925721278157.0,14.7,0.23,3143.10,2212.30,23097174.0,ID
TGRA.JK,Terregra Asia Energy Tbk.,Energy,32816402644106.0,12.9,0.35,517.60,429.70,42251291.0,ID
TIFA.JK,KDB Tifa Finance Tbk.,Financials,30919340754336.0,21.3,0.16,522.20,363.70,18807791.0,ID
TINS.JK,Timah Tbk.,Consumer,23008714711260.0,18.7,0.17,6694.30,5865.20,11817464.0,ID
TIRA.JK,Tira Austenite Tbk,Consumer,29345519560583.0,14.6,0.17,8185.90,6878.60,28242552.0,ID
TIRT.JK,Tirta Mahakam Resources Tbk,Consumer,13808218538308.0,30.2,0.23,6513.60,6007.30,10053882.0,ID
TKIM.JK,Pabrik Kertas Tjiwi Kimia Tbk.,Consumer,22656042564571.0,13.3,0.11,6354.30,4694.30,47834156.0,ID
TLKM.JK,Telkom Indonesia (Persero) Tbk,Consumer,592393857795.0,13.7,0.1,2997.40,2262.30,43978051.0,ID
TMAS.JK,Temas Tbk.,Consumer,36163369713250.0,15.4,0.15,3872.60,2570.20,45684435.0,ID
TMPO.JK,Tempo Intimedia Tbk.,Technology,27377594597715.0,54.5,0.32,127.50,111.70,56160156.0,ID
TNCA.JK,Trimuda Nuansa Citra Tbk.,Consumer,19388932124775.0,18.9,0.2,3089.70,2267.50,24925210.0,ID
TOBA.JK,TBS Energi Utama Tbk.,Energy,26928106146914.0,12.4,0.31,2616.20,1712.50,12905914.0,ID
TOPS.JK,PT Totalindo Eka Persada Tbk,Industrials,33329999872.0,18.0,0.0,1.00,1.00,0.0,ID
TOTL.JK,Total Bangun Persada Tbk.,Consumer,2825850558859.0,12.0,0.13,9359.60,7898.50,50299808.0,ID
TOTO.JK,Surya Toto Indonesia Tbk.,Consumer,40125443520926.0,16.9,0.18,7771.50,6362.60,48503720.0,ID
TOWR.JK,Sarana Menara Nusantara Tbk.,Consumer,21307223709062.0,13.3,0.22,382.30,350.30,5920544.0,ID
TOYS.JK,Sunindo Adipersada Tbk.,Consumer,8222741496622.0,20.9,0.15,1390.60,1090.90,72865081.0,ID
TPIA.JK,Chandra Asri Petrochemical Tbk,Consumer,23778925699719.0,18.4,0.15,10864.80,7787.40,13019806.0,ID
TPMA.JK,Trans Power Marine Tbk.,Energy,25479764089044.0,11.0,0.28,5600.80,3676.80,27657243.0,ID
TRAM.JK,Trada Alam Minera Tbk.,Consumer,5753166393945.0,24.4,0.17,7981.50,6353.10,33498117.0,ID
TRIL.JK,Triwira Insanlestari Tbk.,Consumer,35061753151265.0,17.9,0.15,3212.60,2287.30,18718689.0,ID
TRIM.JK,Trimegah Sekuritas Indonesia T,Consumer,24668817186325.0,29.2,0.18,9174.70,7004.30,74254596.0,ID
TRIN.JK,Perintis Triniti Properti Tbk.,Consumer,2795086712734.0,30.9,0.1,5951.60,4510.50,30238744.0,ID
TRIO.JK,Trikomsel Oke Tbk.,Consumer,43376165553310.0,19.6,0.17,7675.60,7054.30,43189917.0,ID
TRIS.JK,Trisula International Tbk.,Consumer,44206853166983.0,12.9,0.11,10494.90,6763.70,52966491.0,ID
TRJA.JK,Transkon Jaya Tbk.,Consumer,19654517270995.0,11.8,0.15,3417.00,2856.70,77305243.0,ID
TRST.JK,Trias Sentosa Tbk.,Consumer,2796470309356.0,30.0,0.16,8494.50,5961.30,57325863.0,ID
TRUK.JK,Guna Timur Raya Tbk.,Consumer,16029783299609.0,23.9,0.21,8524.50,6211.00,16190340.0,ID
TRUS.JK,Trust Finance Indonesia Tbk,Financials,14131219686249.0,12.2,0.16,4559.30,2951.10,66481063.0,ID
TSPC.JK,Tempo Scan Pacific Tbk.,Consumer,25746083269407.0,26.3,0.15,8378.20,6524.80,48930007.0,ID
TUGU.JK,Asuransi Tugu Pratama Indonesi,Financials,23792465379169.0,10.5,0.18,6448.50,4183.40,2747929.0,ID
TURI.JK,Tunas Ridean Tbk.,Consumer,7486056132989.0,18.2,0.14,10505.10,7530.00,84682597.0,ID
UANG.JK,Pakuan Tbk.,Consumer,4987830617019.0,18.6,0.22,6720.30,4807.70,82765401.0,ID
UCID.JK,Uni-Charm Indonesia Tbk.,Consumer,35094382325663.0,19.5,0.15,1651.60,1253.70,27241867.0,ID
ULTJ.JK,Ultra Jaya Milk Industry & Tra,Consumer,34541605626795.0,19.2,0.17,3706.80,2807.90,31928571.0,ID
UNIC.JK,Unggul Indah Cahaya Tbk.,Consumer,6982753881070.0,23.1,0.13,2631.20,1719.90,82711533.0,ID
UNIT.JK,Nusantara Inti Corpora Tbk,Consumer,21969429083239.0,30.3,0.17,4450.70,3057.50,55257973.0,ID
UNSP.JK,Bakrie Sumatera Plantations Tb,Consumer,20544928458205.0,15.4,0.18,5601.30,4741.20,62702209.0,ID
UNTR.JK,United Tractors Tbk.,Consumer,10568343939912.0,13.3,0.11,6089.10,4140.80,11637557.0,ID
UNVR.JK,Unilever Indonesia Tbk.,Consumer,43567584120094.0,12.1,0.14,9631.60,7711.00,41451722.0,ID
URBN.JK,Urban Jakarta Propertindo Tbk.,Consumer,10277458940497.0,24.0,0.19,486.20,411.10,72208835.0,ID
VICI.JK,Victoria Care Indonesia Tbk.,Consumer,34038852659737.0,11.2,0.17,9328.60,7977.00,22986908.0,ID
VICO.JK,Victoria Investama Tbk.,Financials,31643012997665.0,21.8,0.12,12244.50,7946.60,37577619.0,ID
VINS.JK,Victoria Insurance Tbk.,Consumer,10151307876670.0,15.8,0.11,7408.30,5935.50,18109548.0,ID
VIVA.JK,Visi Media Asia Tbk.,Technology,6896040297908.0,31.3,0.42,6488.70,4481.10,39047826.0,ID
VOKS.JK,Voksel Electric Tbk.,Consumer,2405219081585.0,23.6,0.2,7454.00,4713.80,24702046.0,ID
VRNA.JK,Verena Multi Finance Tbk.,Financials,20070199873180.0,8.1,0.18,153.10,121.00,49413908.0,ID
WAPO.JK,Wahana Pronatural Tbk.,Consumer,18748543952270.0,13.8,0.21,5032.80,4056.30,35849890.0,ID
WEGE.JK,Wijaya Karya Bangunan Gedung T,Consumer,33288077092586.0,17.3,0.2,6132.40,4111.20,52293378.0,ID
WEHA.JK,WEHA Transportasi Indonesia Tb,Consumer,34716901203576.0,31.5,0.19,7090.40,4739.40,11525975.0,ID
WICO.JK,Wicaksana Overseas Internation,Consumer,8728512648138.0,15.7,0.23,652.40,579.30,4444900.0,ID
WIFI.JK,Solusi Sinergi Digital Tbk.,Technology,41070686414797.0,58.6,0.4,2032.10,1312.20,9499330.0,ID
WIIM.JK,Wismilak Inti Makmur Tbk.,Consumer,21770897470693.0,25.3,0.14,3062.90,2543.40,11560748.0,ID
WIKA.JK,Wijaya Karya (Persero) Tbk.,Consumer,20349424346289.0,12.4,0.14,6093.30,4040.90,5526293.0,ID
WINS.JK,Wintermar Offshore Marine Tbk.,Consumer,24863883902078.0,22.5,0.2,4955.50,3661.20,30484924.0,ID
WOMF.JK,Wahana Ottomitra Multiartha Tb,Consumer,12489311200986.0,22.5,0.23,6707.00,4361.60,75288371.0,ID
WOOD.JK,Integra Indocabinet Tbk.,Consumer,19148721977954.0,30.8,0.21,540.10,451.60,52224325.0,ID
WOWS.JK,Ginting Jaya Energi Tbk.,Energy,18435420014633.0,12.1,0.35,2084.30,1337.10,45272195.0,ID
WSBP.JK,Waskita Beton Precast Tbk.,Consumer,17661736657950.0,23.7,0.15,6700.30,4605.50,38300333.0,ID
WSKT.JK,Waskita Karya (Persero) Tbk.,Consumer,37275194259339.0,30.8,0.15,8816.30,6591.60,34695863.0,ID
WTON.JK,Wijaya Karya Beton Tbk.,Consumer,22774459839375.0,22.4,0.18,5811.90,3823.70,2854316.0,ID
YELO.JK,Yelooo Integra Datanet Tbk.,Technology,1717178674852.0,37.5,0.37,4306.40,2806.60,72438419.0,ID
YPAS.JK,Yanaprima Hastapersada Tbk,Consumer,27819253604596.0,11.1,0.13,7193.30,6185.60,23074223.0,ID
YULE.JK,Yulie Sekuritas Indonesia Tbk.,Consumer,6887559803785.0,15.7,0.14,520.90,375.80,79946739.0,ID
ZBRA.JK,Zebra Nusantara Tbk,Consumer,28964869452463.0,18.5,0.15,1004.00,691.40,17697882.0,ID
ZINC.JK,Kapuas Prima Coal Tbk.,Energy,31026947685390.0,8.2,0.34,1280.60,887.00,58218805.0,ID
ZONE.JK,Mega Perintis Tbk.,Consumer,18012614996602.0,27.1,0.15,8124.70,6434.40,64073361.0,ID
JLUM.JK,Surya Resources Tbk,Technology,7601484500780.0,51.0,0.33,114.60,91.00,37998386.0,ID
WPGY.JK,Harapan Agro Tbk,Healthcare,20067604472204.0,38.1,0.2,2795.90,1971.60,32329919.0,ID
DWVK,Orion Industries,Financials,228433872643.0,18.3,0.16,148.14,105.63,7317101.0,US
BOGR,Vector Therapeutics,Technology,443486348463.0,71.6,0.29,47.64,38.42,21427645.0,US
EYPB,Sierra Retail,Financials,1165157527273.0,15.5,0.19,528.01,379.36,40130133.0,US
JTGT,Vector Ventures,Technology,508512981992.0,66.4,0.44,494.83,423.27,24180690.0,US
JDBX,Genesis Capital,Financials,748705436826.0,12.4,0.16,52.19,34.09,4162400.0,US
SYZ,Alliance Solutions,Technology,543873993633.0,27.7,0.37,133.73,89.52,40587654.0,US
GJNA,Trident Solutions,Technology,770680546384.0,45.5,0.19,276.01,195.66,25500891.0,US
GSFI,Trident Partners,Energy,223531785602.0,13.9,0.17,70.33,64.69,25298474.0,US
MIOF,Standard Communications,Energy,774475353908.0,5.3,0.3,51.26,42.38,18135052.0,US
XIBQ,General Brands,Consumer,515182698461.0,20.0,0.12,392.01,313.24,17642229.0,US
FYY,Omni Labs,Technology,1282772139523.0,25.6,0.32,213.55,150.49,30802614.0,US
DXQ,Horizon Systems,Consumer,1392383994154.0,22.5,0.2,439.47,318.34,12576563.0,US
DAL,Nova Labs,Consumer,1108317428597.0,30.9,0.2,423.84,295.80,44159860.0,US
PEPR,National Security,Technology,1199420280168.0,68.2,0.36,925.35,670.44,22236251.0,US
NNNL,Premier Dynamics,Healthcare,810973592225.0,20.7,0.24,22.88,21.10,28149724.0,US
ZCV,General Labs,Healthcare,367701988517.0,18.3,0.12,99.96,66.63,31734341.0,US
ZNC,Horizon Communications,Healthcare,615451523439.0,16.0,0.12,673.63,553.47,8842164.0,US
TNLF,Legacy Holdings,Energy,1362623797772.0,7.1,0.27,111.93,77.29,32019047.0,US
ADWO,Matrix Corp,Technology,4567432253.0,57.6,0.26,255.29,176.67,2042606.0,US
BUF,Standard Power,Financials,878706317301.0,19.5,0.16,440.11,306.49,40577076.0,US
WWMU,Premier Resources,Technology,1308196493187.0,20.2,0.27,874.68,705.27,43510251.0,US
BSU,Premier Capital,Healthcare,751532752092.0,27.2,0.18,95.67,86.81,21531373.0,US
EYCB,Vector Communications,Financials,1190053250650.0,9.4,0.17,308.82,203.15,33978743.0,US
XKY,Legacy Financial,Healthcare,1457053203173.0,33.6,0.22,637.95,432.67,8513682.0,US
ELUF,Genesis Technologies,Healthcare,1268669149751.0,30.9,0.24,1208.61,779.76,22653478.0,US
TOZ,Summit Power,Technology,649081218272.0,61.7,0.27,750.79,513.40,3020671.0,US
VYH,Summit Partners,Energy,133631968050.0,13.6,0.24,124.12,90.65,28918515.0,US
RRF,Nova Logistics,Technology,1337633529615.0,31.3,0.41,297.70,205.81,16340418.0,US
DBR,Alpha Dynamics,Financials,956427058774.0,16.2,0.14,441.37,384.03,3823370.0,US
TCY,United Ventures,Consumer,1040745316436.0,25.5,0.18,208.29,168.46,19411423.0,US
XOBK,Crown Security,Consumer,1413732640011.0,23.2,0.17,254.58,167.93,34504820.0,US
FPQ,General Group,Healthcare,93238002830.0,30.1,0.18,757.39,574.41,8471110.0,US
PMTV,Vector Retail,Healthcare,652856587053.0,37.7,0.21,875.21,666.39,7716504.0,US
FNO,Beacon Labs,Energy,177634900256.0,4.9,0.32,234.61,153.29,25747681.0,US
HFX,Aero Networks,Financials,866808887953.0,21.4,0.16,406.07,318.55,2498149.0,US
NEU,National Holdings,Healthcare,1279826453835.0,23.2,0.23,549.79,450.82,15363794.0,US
LGT,National Dynamics,Consumer,1473066953818.0,20.9,0.22,423.69,335.66,17077813.0,US
LXHC,Eastern Technologies,Consumer,485108673399.0,20.5,0.18,489.41,327.84,28604292.0,US
MCFB,Alliance Dynamics,Healthcare,42185565483.0,38.6,0.24,76.86,66.99,21444493.0,US
FXW,Vector Healthcare,Energy,492083742329.0,11.6,0.27,79.24,67.50,13944130.0,US
ITHZ,Beacon Financial,Financials,147527797246.0,20.4,0.17,23.34,20.86,26657185.0,US
XXUR,Eastern Dynamics,Energy,133824315800.0,10.2,0.32,50.85,42.41,12444650.0,US
WLB,Eastern Corp,Technology,1461182757693.0,28.9,0.32,33.57,28.88,27588373.0,US
ZDM,Eclipse Energy,Consumer,1474154459446.0,12.8,0.13,178.76,140.23,39164122.0,US
CTT,Aero Solutions,Healthcare,1171352703025.0,21.3,0.16,490.60,424.75,34490864.0,US
NNYK,Apex Inc.,Financials,923184641393.0,17.9,0.13,442.80,314.87,3356050.0,US
BNJ,National Dynamics,Financials,1199640401666.0,16.2,0.14,147.72,95.41,28902636.0,US
HCDT,Omni Partners,Financials,777822575725.0,14.1,0.21,455.05,410.69,24141810.0,US
SGB,Standard Energy,Energy,667396372026.0,10.3,0.3,46.75,32.65,12762633.0,US
UZYA,Bio Capital,Financials,474225525610.0,15.5,0.17,136.30,122.64,39267756.0,US
HTUO,National Power,Energy,999514366820.0,13.7,0.23,21.77,18.96,33363971.0,US
LWKN,Standard Industries,Consumer,544161165688.0,16.0,0.09,345.97,314.07,21127027.0,US
QJAI,Zenith Therapeutics,Technology,1433382104414.0,33.9,0.28,715.45,586.10,22182835.0,US
RYKR,Quantum Labs,Consumer,1210773418046.0,13.4,0.19,416.29,332.63,27958020.0,US
SEK,Crown Retail,Consumer,770964091205.0,12.2,0.16,74.68,51.95,19409791.0,US
UVQM,Western Brands,Technology,324295625905.0,47.6,0.41,195.27,157.01,30632455.0,US
WZBP,Genesis Corp,Healthcare,1435956382619.0,32.5,0.26,987.53,650.65,36985285.0,US
WPP,Alpha Financial,Consumer,613140045954.0,31.4,0.17,401.57,309.40,34610121.0,US
MHML,Pacific Healthcare,Consumer,512688603811.0,24.0,0.1,386.24,298.55,3657559.0,US
DWH,Standard Networks,Energy,564998595278.0,7.1,0.22,157.96,107.92,41084702.0,US
JKH,Zenith Therapeutics,Energy,1466391506770.0,13.9,0.24,112.87,74.98,39369168.0,US
ANC,Alliance Communications,Energy,888107349176.0,13.4,0.3,196.73,136.79,29490314.0,US
OSDQ,Crown Corp,Energy,1492201981324.0,4.6,0.28,83.64,59.40,31576830.0,US
XIYT,Crown Holdings,Technology,888099487837.0,55.8,0.23,992.21,865.57,8552902.0,US
USU,Bio Technologies,Healthcare,447393712086.0,19.6,0.25,367.36,265.77,23474960.0,US
OIT,Core Inc.,Consumer,191421016210.0,21.6,0.1,183.19,164.28,34226231.0,US
GMJI,Vanguard Security,Technology,951375754620.0,32.0,0.44,342.61,307.25,1470122.0,US
CIM,Western Energy,Energy,704427457446.0,5.2,0.2,166.98,112.95,36986846.0,US
TVZC,Aero Systems,Technology,117539918380.0,58.8,0.41,871.70,635.93,37336141.0,US
VIK,Orion Security,Energy,1279494144517.0,8.7,0.21,23.34,17.67,15825536.0,US
SUWL,Infinity Systems,Technology,702806870834.0,41.8,0.36,929.52,641.14,4147532.0,US
PPNV,Vanguard Technologies,Healthcare,254772561449.0,22.3,0.23,574.20,487.01,20521080.0,US
NSGB,Global Industries,Consumer,373206418291.0,29.9,0.09,129.77,113.31,22619843.0,US
GPRN,Eco Financial,Technology,906680936623.0,69.8,0.23,291.78,219.20,3747470.0,US
AOX,Pacific Healthcare,Energy,1021850274758.0,4.8,0.26,31.58,26.27,20075810.0,US
WLD,Western Corp,Consumer,1483834658800.0,12.6,0.22,304.01,263.84,34889283.0,US
AFEK,Premier Power,Energy,331067975004.0,6.3,0.24,149.39,108.73,40691546.0,US
TTD,Quantum Security,Consumer,1219309842133.0,16.9,0.11,389.19,332.21,4830899.0,US
QKUW,Aero Systems,Healthcare,579882005371.0,39.6,0.17,354.56,272.23,22610069.0,US
BCN,Legacy Systems,Energy,778048659095.0,6.8,0.15,69.76,62.49,16752723.0,US
EMF,Crown Ventures,Technology,1358120034147.0,35.7,0.33,639.50,573.80,23273038.0,US
MOQJ,Matrix Solutions,Energy,937646792268.0,4.3,0.31,169.22,130.83,24007205.0,US
LML,Pioneer Therapeutics,Consumer,1398376018538.0,28.2,0.12,434.44,339.57,10321706.0,US
OWVU,Core Dynamics,Consumer,514012641571.0,24.7,0.13,246.54,190.81,32392634.0,US
KBH,Alliance Resources,Healthcare,121039671779.0,25.8,0.18,217.86,170.26,24588430.0,US
MNGG,Core Brands,Consumer,585865802137.0,28.6,0.14,293.35,215.85,30537333.0,US
JZB,General Group,Energy,546959327687.0,5.8,0.16,97.11,80.64,39376967.0,US
TTO,Pacific Brands,Financials,288097637991.0,13.4,0.17,455.38,393.44,16770421.0,US
IAI,Pacific Solutions,Consumer,635828867805.0,19.7,0.16,112.49,93.59,3351900.0,US
VDE,Western Partners,Financials,1380520684806.0,19.4,0.2,90.58,81.48,19862942.0,US
LNP,Global Holdings,Healthcare,686053078478.0,27.4,0.19,718.80,528.96,13119106.0,US
ZQKD,Vanguard Security,Consumer,723940162262.0,11.8,0.18,311.41,252.77,18098539.0,US
NJWT,Infinity Networks,Consumer,841571375732.0,19.7,0.09,392.65,298.13,33376368.0,US
SRYE,Beacon Holdings,Financials,812747950729.0,21.8,0.18,40.39,27.14,14898864.0,US
AEO,Liberty Power,Consumer,71167275645.0,25.4,0.08,459.55,324.90,18140019.0,US
VNG,Vector Brands,Financials,203865402092.0,11.3,0.18,160.43,117.66,8280855.0,US
NCL,Bio Industries,Technology,73865804410.0,40.5,0.39,612.46,525.08,21615919.0,US
VWE,Orion Corp,Financials,1419004108959.0,19.2,0.19,93.60,65.85,21625322.0,US
GORG,Pacific Energy,Healthcare,282222595251.0,23.2,0.23,531.78,361.08,40813017.0,US
VXTK,United Group,Technology,787761993439.0,69.6,0.38,683.29,563.30,10219815.0,US
JWT,Bio Retail,Financials,553309267992.0,21.5,0.13,166.97,144.27,30469669.0,US
ZWSP,Trident Corp,Energy,225247947484.0,8.9,0.23,33.75,26.83,42886358.0,US
RAG,Western Labs,Healthcare,648910945005.0,19.3,0.12,748.76,561.13,22807800.0,US
HPO,Pioneer Security,Financials,986852286540.0,19.4,0.12,21.68,17.06,19981069.0,US
HHV,Infinity Security,Financials,627419898771.0,19.9,0.2,252.84,204.36,21920359.0,US
HEVI,Vector Dynamics,Financials,285409440222.0,12.2,0.17,460.47,338.53,5360896.0,US
ORX,Legacy Brands,Technology,1243207722893.0,35.4,0.38,1321.57,973.55,28263814.0,US
RWPB,Alpha Technologies,Healthcare,814926906394.0,39.5,0.18,799.17,528.30,20251523.0,US
FRWI,Western Holdings,Energy,819676606185.0,5.7,0.24,97.64,70.17,36567002.0,US
YBF,Crown Security,Healthcare,1000126415579.0,27.8,0.17,21.88,17.42,44013337.0,US
XQO,Vanguard Power,Healthcare,41116537033.0,17.2,0.12,1119.52,732.83,35650678.0,US
ROMU,National Labs,Consumer,796229753215.0,29.7,0.13,103.08,80.42,4986203.0,US
GXRG,General Networks,Technology,850866146442.0,40.6,0.25,251.86,165.43,8665620.0,US
FYIN,National Ventures,Financials,632098885431.0,20.2,0.13,393.34,304.28,37069345.0,US
OSE,American Corp,Financials,925849814618.0,18.5,0.21,614.89,441.15,2788010.0,US
EBCT,Trident Power,Technology,1309095560450.0,69.2,0.27,188.17,123.26,2523891.0,US
YQX,Pioneer Communications,Energy,467706309931.0,4.5,0.29,262.43,173.57,35751988.0,US
FUN,Premier Ventures,Energy,1320610681441.0,12.1,0.29,172.42,115.65,27494403.0,US
SPZB,Sierra Group,Consumer,1360807859233.0,16.3,0.18,148.77,132.63,566610.0,US
LONI,Eastern Therapeutics,Energy,606479952572.0,4.3,0.32,223.73,166.26,19081489.0,US
VBUL,Genesis Security,Consumer,392669800769.0,21.3,0.14,332.27,260.54,10551147.0,US
PMAL,Alliance Group,Energy,1450125782033.0,12.4,0.23,55.74,40.34,41944831.0,US
PZJ,Vector Capital,Healthcare,824189408787.0,17.7,0.13,147.83,132.09,2711594.0,US
NVSA,Vector Retail,Consumer,580181704775.0,31.9,0.13,100.10,71.54,6889435.0,US
HHYZ,Eastern Inc.,Financials,509982723875.0,9.7,0.13,347.28,242.83,19699552.0,US
GFS,Genesis Communications,Healthcare,284343401374.0,20.5,0.14,237.20,208.77,37445426.0,US
EBH,Western Financial,Energy,1279207350057.0,12.9,0.24,102.63,84.71,34902270.0,US
EGHY,Orion Resources,Technology,68031080078.0,61.1,0.34,1174.63,983.81,28717171.0,US
TBYU,Zenith Ventures,Financials,648757620839.0,12.4,0.22,97.84,88.23,11576097.0,US
XVQF,Nova Security,Technology,1414173158166.0,22.5,0.18,74.68,53.30,2481751.0,US
GCUN,Matrix Holdings,Healthcare,89014384398.0,25.6,0.14,352.39,300.61,32472058.0,US
ZMXS,Eastern Networks,Technology,609850068125.0,30.8,0.32,434.12,312.03,26023945.0,US
QXVZ,Infinity Labs,Consumer,453198759480.0,31.9,0.15,179.86,138.83,5097205.0,US
HMGZ,Matrix Ventures,Technology,185038588476.0,60.7,0.3,1028.57,951.82,40598134.0,US
EIGJ,Eco Healthcare,Technology,1083824942098.0,57.3,0.45,393.55,262.52,19261787.0,US
DTZ,Infinity Solutions,Consumer,647503957171.0,30.5,0.18,318.92,258.18,22630728.0,US
APC,Vanguard Logistics,Financials,864165889719.0,16.6,0.17,28.80,24.06,17032723.0,US
HUC,Premier Brands,Energy,524496681989.0,5.6,0.19,45.39,31.53,17332141.0,US
MFWQ,Apex Partners,Consumer,62103311874.0,11.8,0.13,41.50,32.50,4225999.0,US
IWZW,Matrix Labs,Energy,401981296082.0,4.0,0.25,179.13,164.77,13097147.0,US
HLZ,Vector Labs,Consumer,1101503051359.0,10.1,0.21,153.37,130.88,35592360.0,US
AGRV,Orion Holdings,Energy,39385575452.0,12.3,0.3,87.33,69.23,25741554.0,US
PCEA,Standard Labs,Energy,843436286684.0,4.4,0.16,37.52,31.90,1021328.0,US
BBIW,Western Solutions,Financials,968388296373.0,12.9,0.15,451.60,354.24,18249080.0,US
OHO,Bio Ventures,Energy,20422090177.0,5.8,0.27,73.99,55.31,21585592.0,US
YDZJ,Core Energy,Technology,42627774472.0,42.7,0.23,202.05,133.15,39432904.0,US
LXE,Zenith Power,Energy,1166342294659.0,12.9,0.18,187.48,128.38,31873994.0,US
JMTO,Alpha Brands,Energy,1288160511160.0,11.8,0.29,92.54,62.81,9918065.0,US
RET,Pioneer Partners,Healthcare,1298352466448.0,17.4,0.19,581.16,400.93,33236192.0,US
YYLI,General Capital,Healthcare,510639741560.0,23.1,0.23,266.88,222.26,14029754.0,US
CXI,Crown Systems,Healthcare,611869194535.0,33.0,0.16,187.42,155.60,12163163.0,US
DSQN,Pioneer Solutions,Healthcare,1176910668121.0,31.9,0.25,943.17,760.21,9358121.0,US
IEDT,Aero Group,Financials,1248805914679.0,20.7,0.19,65.12,57.58,956230.0,US
QSSN,Horizon Energy,Energy,227178265682.0,10.7,0.24,39.76,25.68,6458025.0,US
UMT,National Holdings,Financials,710444591839.0,15.2,0.14,155.93,107.93,28922089.0,US
PZLU,Summit Holdings,Energy,958151275729.0,6.6,0.18,119.99,79.32,21129910.0,US
HRF,Liberty Retail,Technology,150047531525.0,31.2,0.42,818.37,572.24,1782749.0,US
MVI,Zenith Dynamics,Financials,1220024761649.0,9.5,0.19,381.99,247.41,2840421.0,US
NQE,Legacy Technologies,Consumer,78498995832.0,16.2,0.18,82.80,69.46,552940.0,US
YSCY,Nova Technologies,Healthcare,614070435437.0,32.7,0.25,1011.50,714.01,28836210.0,US
CYK,Apex Networks,Financials,236188360815.0,10.1,0.2,403.31,261.26,41649100.0,US
VJL,Aero Power,Energy,918683486624.0,13.8,0.29,176.22,145.48,7097794.0,US
ZRZ,Omni Resources,Consumer,122617930294.0,17.1,0.17,400.38,302.73,27647358.0,US
GIJO,Aero Security,Healthcare,1343875231138.0,15.2,0.19,774.15,528.64,43910471.0,US
RPC,Western Therapeutics,Healthcare,545845805677.0,26.5,0.22,657.60,489.49,43324440.0,US
FBQD,National Inc.,Healthcare,944654163903.0,15.8,0.26,609.58,457.02,20670480.0,US
BWBW,Matrix Energy,Energy,428077313190.0,5.9,0.28,197.92,145.95,39106607.0,US
SAM,Zenith Capital,Consumer,342929605187.0,12.8,0.19,269.66,220.99,11697736.0,US
OYM,Eastern Technologies,Energy,1053890141835.0,6.4,0.18,73.27,53.74,32798823.0,US
TPWL,Global Partners,Financials,762108739075.0,21.3,0.14,544.79,400.64,14550856.0,US
CFV,Alliance Brands,Technology,456932055316.0,21.0,0.26,713.10,502.54,15873589.0,US
XYSS,Omni Capital,Technology,7812582527.0,47.8,0.22,1064.80,803.89,21637549.0,US
GYJ,Eco Industries,Consumer,549613065919.0,17.0,0.11,42.07,37.27,6496882.0,US
HEQ,Vanguard Labs,Technology,212645475511.0,67.4,0.29,1049.21,784.11,2336962.0,US
QHWL,Aero Energy,Technology,128336033965.0,50.0,0.36,381.95,315.07,35074122.0,US
QMJ,Vector Inc.,Healthcare,1003908597369.0,22.0,0.19,394.98,326.43,8977279.0,US
PBV,Core Communications,Healthcare,355078038987.0,35.3,0.18,114.79,84.98,42672307.0,US
QKK,Trident Communications,Financials,1377484615169.0,19.0,0.18,332.99,279.44,20570726.0,US
SWG,National Power,Healthcare,363995519388.0,19.6,0.26,648.05,453.93,34659745.0,US
QKN,Pacific Group,Financials,1449531897210.0,8.1,0.16,376.42,272.94,4001998.0,US
JJDR,Delta Dynamics,Healthcare,1452213520470.0,39.5,0.23,359.34,264.92,14933510.0,US
GMWG,Eclipse Technologies,Consumer,1271832577572.0,16.4,0.11,152.47,119.90,9379296.0,US
LHP,Vanguard Brands,Energy,217447233682.0,13.0,0.18,175.13,135.19,38038644.0,US
FHK,Matrix Logistics,Healthcare,793295189921.0,25.0,0.14,649.43,529.43,31945130.0,US
GCN,Matrix Logistics,Consumer,638274578716.0,23.2,0.17,148.02,114.96,10138059.0,US
IYVY,Pioneer Technologies,Financials,362864045418.0,11.3,0.15,132.24,112.50,19425622.0,US
IQLM,Eastern Brands,Consumer,128048132044.0,20.2,0.15,90.27,69.08,43559346.0,US
GTG,Eastern Logistics,Technology,93890730250.0,61.4,0.23,867.60,625.16,15420379.0,US
OPW,Global Healthcare,Financials,133013807781.0,16.4,0.15,491.07,371.43,29679154.0,US
AECN,Aero Technologies,Energy,603869054329.0,9.5,0.16,52.90,46.65,32368691.0,US
POQP,American Partners,Technology,1404550752919.0,44.4,0.36,515.49,405.45,21447225.0,US
POPO,Delta Resources,Energy,1286066730975.0,12.7,0.26,124.11,90.86,3999814.0,US
PFMI,Zenith Holdings,Healthcare,856049397407.0,36.6,0.13,913.59,739.74,7863038.0,US
FKUN,General Energy,Financials,257870779095.0,15.9,0.16,286.07,184.67,41619843.0,US
XAMF,Core Partners,Technology,761138499975.0,57.9,0.19,155.31,100.51,7324680.0,US
GUJ,American Labs,Energy,1121147808982.0,6.9,0.19,187.47,134.71,8118663.0,US
FNF,Eco Communications,Healthcare,79628095069.0,36.4,0.26,257.26,229.51,37328039.0,US
XNL,Alpha Security,Healthcare,439974914806.0,18.6,0.24,322.58,245.34,5251085.0,US
HTFB,Infinity Resources,Energy,1383577437369.0,11.8,0.25,80.75,58.95,39762538.0,US
UMM,Bio Communications,Technology,516712988889.0,26.8,0.19,38.28,27.20,31771833.0,US
